Size,Algorithm,Type,ThreadCount,ArrayType,Sample,TimeMs,SpeedUp,Efficiency
1000,SelectionSort,Serial,1,Random,1,1.8042,0.0,0.0
1000,MergeSort,Serial,1,Random,1,0.5246,0.0,0.0
1000,BubbleSort,Serial,1,Random,1,4.707401,0.0,0.0
1000,InsertSort,Serial,1,Random,1,1.5593,0.0,0.0
1000,SelectionSort,Parallel,2,Random,1,10.425099,0.17306310472447314,0.08653155236223657
1000,MergeSort,Parallel,2,Random,1,2.2665,0.23145819545554816,0.11572909772777408
1000,BubbleSort,Parallel,2,Random,1,49.8991,0.0943383948808696,0.0471691974404348
1000,InsertSort,Parallel,2,Random,1,1.206,1.2929519071310116,0.6464759535655058
1000,SelectionSort,Parallel,4,Random,1,1.021001,1.7670893564257038,0.44177233910642594
1000,MergeSort,Parallel,4,Random,1,0.497,1.0555331991951709,0.2638832997987927
1000,BubbleSort,Parallel,4,Random,1,36.151,0.13021495947553316,0.03255373986888329
1000,InsertSort,Parallel,4,Random,1,1.0971,1.4212924984048856,0.3553231246012214
1000,SelectionSort,Parallel,8,Random,1,1.1697,1.5424467812259555,0.19280584765324443
1000,MergeSort,Parallel,8,Random,1,1.466899,0.357625167104211,0.044703145888026374
1000,BubbleSort,Parallel,8,Random,1,33.3733,0.14105290756383096,0.01763161344547887
1000,InsertSort,Parallel,8,Random,1,1.5611,0.9988469668823265,0.12485587086029082
1000,SelectionSort,Parallel,16,Random,1,2.998701,0.601660519004729,0.037603782437795566
1000,MergeSort,Parallel,16,Random,1,1.3761,0.38122229489135956,0.023826393430709972
1000,BubbleSort,Parallel,16,Random,1,37.3182,0.12614223086858423,0.007883889429286514
1000,InsertSort,Parallel,16,Random,1,1.3393,1.1642649145075785,0.07276655715672366
1000,SelectionSort,Serial,1,Random,2,1.3659,0.0,0.0
1000,MergeSort,Serial,1,Random,2,0.1055,0.0,0.0
1000,BubbleSort,Serial,1,Random,2,1.5521,0.0,0.0
1000,InsertSort,Serial,1,Random,2,4.202801,0.0,0.0
1000,SelectionSort,Parallel,2,Random,2,0.8724,1.5656808803301236,0.7828404401650618
1000,MergeSort,Parallel,2,Random,2,0.3639,0.28991481176147293,0.14495740588073647
1000,BubbleSort,Parallel,2,Random,2,41.4366,0.037457223806972584,0.018728611903486292
1000,InsertSort,Parallel,2,Random,2,1.3439,3.127316764640226,1.563658382320113
1000,SelectionSort,Parallel,4,Random,2,0.9186,1.4869366427171782,0.37173416067929455
1000,MergeSort,Parallel,4,Random,2,0.3955,0.26675094816687733,0.06668773704171933
1000,BubbleSort,Parallel,4,Random,2,41.279601,0.0375996851326155,0.009399921283153876
1000,InsertSort,Parallel,4,Random,2,0.9772,4.300860622185837,1.0752151555464593
1000,SelectionSort,Parallel,8,Random,2,1.2287,1.1116627329698054,0.13895784162122568
1000,MergeSort,Parallel,8,Random,2,0.713901,0.14777959408937652,0.018472449261172065
1000,BubbleSort,Parallel,8,Random,2,40.0943,0.03871123825581193,0.004838904781976491
1000,InsertSort,Parallel,8,Random,2,0.649699,6.468843264342411,0.8086054080428013
1000,SelectionSort,Parallel,16,Random,2,2.0237,0.6749518209220734,0.04218448880762959
1000,MergeSort,Parallel,16,Random,2,0.4423,0.2385258874067375,0.014907867962921094
1000,BubbleSort,Parallel,16,Random,2,40.5034,0.03832023978233926,0.002395014986396204
1000,InsertSort,Parallel,16,Random,2,1.0694,3.9300551711239953,0.2456284481952497
1000,SelectionSort,Serial,1,Random,3,0.463701,0.0,0.0
1000,MergeSort,Serial,1,Random,3,0.5899,0.0,0.0
1000,BubbleSort,Serial,1,Random,3,0.5867,0.0,0.0
1000,InsertSort,Serial,1,Random,3,0.2102,0.0,0.0
1000,SelectionSort,Parallel,2,Random,3,0.589399,0.7867353015529378,0.3933676507764689
1000,MergeSort,Parallel,2,Random,3,0.5481,1.0762634555738002,0.5381317277869001
1000,BubbleSort,Parallel,2,Random,3,26.4048,0.022219444949403137,0.011109722474701569
1000,InsertSort,Parallel,2,Random,3,0.541301,0.38832368682119556,0.19416184341059778
1000,SelectionSort,Parallel,4,Random,3,0.8973,0.516773654296222,0.1291934135740555
1000,MergeSort,Parallel,4,Random,3,0.4237,1.392258673589804,0.348064668397451
1000,BubbleSort,Parallel,4,Random,3,29.483901,0.019898995048179005,0.004974748762044751
1000,InsertSort,Parallel,4,Random,3,0.61,0.3445901639344262,0.08614754098360655
1000,SelectionSort,Parallel,8,Random,3,1.048299,0.4423365852681343,0.05529207315851679
1000,MergeSort,Parallel,8,Random,3,0.5211,1.1320284014584532,0.14150355018230665
1000,BubbleSort,Parallel,8,Random,3,26.275799,0.022328531284624305,0.002791066410578038
1000,InsertSort,Parallel,8,Random,3,0.7159,0.2936164268752619,0.03670205335940774
1000,SelectionSort,Parallel,16,Random,3,1.723,0.26912420197330233,0.016820262623331396
1000,MergeSort,Parallel,16,Random,3,0.6172,0.9557679844458846,0.05973549902786779
1000,BubbleSort,Parallel,16,Random,3,25.6708,0.022854761051467037,0.0014284225657166898
1000,InsertSort,Parallel,16,Random,3,0.949201,0.22144940850251948,0.013840588031407468
1000,SelectionSort,Serial,1,Random,4,0.4245,0.0,0.0
1000,MergeSort,Serial,1,Random,4,0.101401,0.0,0.0
1000,BubbleSort,Serial,1,Random,4,1.053199,0.0,0.0
1000,InsertSort,Serial,1,Random,4,0.226899,0.0,0.0
1000,SelectionSort,Parallel,2,Random,4,0.4612,0.9204249783174328,0.4602124891587164
1000,MergeSort,Parallel,2,Random,4,0.4584,0.22120636998254803,0.11060318499127401
1000,BubbleSort,Parallel,2,Random,4,28.201001,0.03734615661337695,0.018673078306688476
1000,InsertSort,Parallel,2,Random,4,0.522001,0.43467158108892506,0.21733579054446253
1000,SelectionSort,Parallel,4,Random,4,0.508,0.8356299212598425,0.20890748031496062
1000,MergeSort,Parallel,4,Random,4,0.4422,0.2293102668475803,0.057327566711895074
1000,BubbleSort,Parallel,4,Random,4,21.9832,0.04790926707667673,0.011977316769169183
1000,InsertSort,Parallel,4,Random,4,0.4779,0.4747834274952919,0.11869585687382297
1000,SelectionSort,Parallel,8,Random,4,1.1219,0.37837596933773066,0.04729699616721633
1000,MergeSort,Parallel,8,Random,4,0.3609,0.28096702687725134,0.03512087835965642
1000,BubbleSort,Parallel,8,Random,4,23.9384,0.043996215285900475,0.005499526910737559
1000,InsertSort,Parallel,8,Random,4,0.5836,0.3887919808087731,0.048598997601096636
1000,SelectionSort,Parallel,16,Random,4,1.3244,0.3205225007550589,0.02003265629719118
1000,MergeSort,Parallel,16,Random,4,0.675699,0.15006829964229634,0.009379268727643521
1000,BubbleSort,Parallel,16,Random,4,22.5017,0.04680530804339228,0.0029253317527120175
1000,InsertSort,Parallel,16,Random,4,0.4286,0.5293957069528699,0.033087231684554366
1000,SelectionSort,Serial,1,Random,5,0.2162,0.0,0.0
1000,MergeSort,Serial,1,Random,5,0.0592,0.0,0.0
1000,BubbleSort,Serial,1,Random,5,0.6449,0.0,0.0
1000,InsertSort,Serial,1,Random,5,0.0597,0.0,0.0
1000,SelectionSort,Parallel,2,Random,5,0.293,0.7378839590443687,0.3689419795221843
1000,MergeSort,Parallel,2,Random,5,0.2627,0.22535211267605637,0.11267605633802819
1000,BubbleSort,Parallel,2,Random,5,22.072399,0.029217485602720392,0.014608742801360196
1000,InsertSort,Parallel,2,Random,5,0.5127,0.11644236395552955,0.058221181977764776
1000,SelectionSort,Parallel,4,Random,5,0.556,0.3888489208633093,0.09721223021582732
1000,MergeSort,Parallel,4,Random,5,0.3037,0.19492920645373724,0.04873230161343431
1000,BubbleSort,Parallel,4,Random,5,22.5108,0.028648470956163265,0.007162117739040816
1000,InsertSort,Parallel,4,Random,5,0.7132,0.08370723499719575,0.020926808749298937
1000,SelectionSort,Parallel,8,Random,5,0.9537,0.22669602600398447,0.02833700325049806
1000,MergeSort,Parallel,8,Random,5,0.399199,0.14829696467175518,0.018537120583969398
1000,BubbleSort,Parallel,8,Random,5,21.7432,0.029659847676514955,0.0037074809595643693
1000,InsertSort,Parallel,8,Random,5,0.5141,0.11612526745769307,0.014515658432211634
1000,SelectionSort,Parallel,16,Random,5,1.575299,0.13724378673508966,0.008577736670943104
1000,MergeSort,Parallel,16,Random,5,1.3517,0.043796700451283574,0.0027372937782052234
1000,BubbleSort,Parallel,16,Random,5,25.5037,0.025286527052937418,0.0015804079408085886
1000,InsertSort,Parallel,16,Random,5,0.728699,0.08192683124307842,0.0051204269526924015
1000,SelectionSort,Serial,1,Sorted,1,0.175001,0.0,0.0
1000,MergeSort,Serial,1,Sorted,1,0.0177,0.0,0.0
1000,BubbleSort,Serial,1,Sorted,1,0.0011,0.0,0.0
1000,InsertSort,Serial,1,Sorted,1,0.0013,0.0,0.0
1000,SelectionSort,Parallel,2,Sorted,1,0.4797,0.36481342505732745,0.18240671252866372
1000,MergeSort,Parallel,2,Sorted,1,0.2899,0.06105553639185927,0.030527768195929634
1000,BubbleSort,Parallel,2,Sorted,1,23.930001,4.5967403010137776E-5,2.2983701505068888E-5
1000,InsertSort,Parallel,2,Sorted,1,0.4309,0.0030169412856811324,0.0015084706428405662
1000,SelectionSort,Parallel,4,Sorted,1,0.442601,0.3953922381558107,0.09884805953895268
1000,MergeSort,Parallel,4,Sorted,1,0.3022,0.0585704831237591,0.014642620780939775
1000,BubbleSort,Parallel,4,Sorted,1,23.3471,4.711505925789498E-5,1.1778764814473746E-5
1000,InsertSort,Parallel,4,Sorted,1,0.4227,0.003075467234445233,7.688668086113082E-4
1000,SelectionSort,Parallel,8,Sorted,1,1.059601,0.16515745077628277,0.020644681347035346
1000,MergeSort,Parallel,8,Sorted,1,0.3917,0.04518764360479959,0.005648455450599949
1000,BubbleSort,Parallel,8,Sorted,1,22.6575,4.85490455698996E-5,6.06863069623745E-6
1000,InsertSort,Parallel,8,Sorted,1,0.4018,0.003235440517670483,4.0443006470881036E-4
1000,SelectionSort,Parallel,16,Sorted,1,1.214901,0.1440454818952326,0.009002842618452038
1000,MergeSort,Parallel,16,Sorted,1,0.2932,0.060368349249658934,0.0037730218281036834
1000,BubbleSort,Parallel,16,Sorted,1,22.8145,4.821495101799295E-5,3.0134344386245593E-6
1000,InsertSort,Parallel,16,Sorted,1,0.387199,0.0033574466876205773,2.0984041797628608E-4
1000,SelectionSort,Serial,1,Sorted,2,0.1752,0.0,0.0
1000,MergeSort,Serial,1,Sorted,2,0.018,0.0,0.0
1000,BubbleSort,Serial,1,Sorted,2,0.001001,0.0,0.0
1000,InsertSort,Serial,1,Sorted,2,0.0013,0.0,0.0
1000,SelectionSort,Parallel,2,Sorted,2,0.320399,0.5468181860742387,0.27340909303711936
1000,MergeSort,Parallel,2,Sorted,2,0.2008,0.0896414342629482,0.0448207171314741
1000,BubbleSort,Parallel,2,Sorted,2,24.6274,4.064578477630606E-5,2.032289238815303E-5
1000,InsertSort,Parallel,2,Sorted,2,0.2659,0.004889056036103798,0.002444528018051899
1000,SelectionSort,Parallel,4,Sorted,2,0.411999,0.4252437505916276,0.1063109376479069
1000,MergeSort,Parallel,4,Sorted,2,0.756199,0.023803258137077673,0.005950814534269418
1000,BubbleSort,Parallel,4,Sorted,2,22.9213,4.367117048334955E-5,1.0917792620837387E-5
1000,InsertSort,Parallel,4,Sorted,2,0.4696,0.002768313458262351,6.920783645655877E-4
1000,SelectionSort,Parallel,8,Sorted,2,0.820599,0.21350257555761096,0.02668782194470137
1000,MergeSort,Parallel,8,Sorted,2,0.4933,0.03648895195621325,0.004561118994526657
1000,BubbleSort,Parallel,8,Sorted,2,23.279,4.30001288715151E-5,5.375016108939387E-6
1000,InsertSort,Parallel,8,Sorted,2,0.385301,0.003373985533388182,4.2174819167352276E-4
1000,SelectionSort,Parallel,16,Sorted,2,1.1104,0.15778097982708933,0.009861311239193083
1000,MergeSort,Parallel,16,Sorted,2,0.3704,0.04859611231101511,0.0030372570194384446
1000,BubbleSort,Parallel,16,Sorted,2,22.8629,4.378272222683911E-5,2.7364201391774446E-6
1000,InsertSort,Parallel,16,Sorted,2,0.3209,0.0040511062636335304,2.5319414147709565E-4
1000,SelectionSort,Serial,1,Sorted,3,0.1737,0.0,0.0
1000,MergeSort,Serial,1,Sorted,3,0.018,0.0,0.0
1000,BubbleSort,Serial,1,Sorted,3,0.001,0.0,0.0
1000,InsertSort,Serial,1,Sorted,3,0.001499,0.0,0.0
1000,SelectionSort,Parallel,2,Sorted,3,0.3728,0.4659334763948497,0.23296673819742486
1000,MergeSort,Parallel,2,Sorted,3,0.2752,0.06540697674418604,0.03270348837209302
1000,BubbleSort,Parallel,2,Sorted,3,23.0716,4.334333119506233E-5,2.1671665597531165E-5
1000,InsertSort,Parallel,2,Sorted,3,0.3066,0.004889106327462492,0.002444553163731246
1000,SelectionSort,Parallel,4,Sorted,3,0.3843,0.4519906323185012,0.1129976580796253
1000,MergeSort,Parallel,4,Sorted,3,0.237601,0.07575725691390187,0.018939314228475466
1000,BubbleSort,Parallel,4,Sorted,3,23.8108,4.1997748920657855E-5,1.0499437230164464E-5
1000,InsertSort,Parallel,4,Sorted,3,0.379501,0.003949923715616033,9.874809289040082E-4
1000,SelectionSort,Parallel,8,Sorted,3,0.631799,0.27492921008105425,0.03436615126013178
1000,MergeSort,Parallel,8,Sorted,3,0.3233,0.05567584287039901,0.006959480358799877
1000,BubbleSort,Parallel,8,Sorted,3,22.0759,4.529826643534352E-5,5.66228330441794E-6
1000,InsertSort,Parallel,8,Sorted,3,0.283801,0.005281870042741216,6.60233755342652E-4
1000,SelectionSort,Parallel,16,Sorted,3,1.3222,0.13137195583119043,0.008210747239449402
1000,MergeSort,Parallel,16,Sorted,3,0.3757,0.04791056694170881,0.0029944104338568006
1000,BubbleSort,Parallel,16,Sorted,3,23.2949,4.292785116055446E-5,2.6829906975346536E-6
1000,InsertSort,Parallel,16,Sorted,3,0.329,0.004556231003039513,2.8476443768996957E-4
1000,SelectionSort,Serial,1,Sorted,4,0.175399,0.0,0.0
1000,MergeSort,Serial,1,Sorted,4,0.0179,0.0,0.0
1000,BubbleSort,Serial,1,Sorted,4,7.99E-4,0.0,0.0
1000,InsertSort,Serial,1,Sorted,4,0.001301,0.0,0.0
1000,SelectionSort,Parallel,2,Sorted,4,0.281401,0.623306242692812,0.311653121346406
1000,MergeSort,Parallel,2,Sorted,4,0.1997,0.08963445167751627,0.044817225838758135
1000,BubbleSort,Parallel,2,Sorted,4,22.419399,3.5638778720161054E-5,1.7819389360080527E-5
1000,InsertSort,Parallel,2,Sorted,4,0.236499,0.005501080342834431,0.0027505401714172156
1000,SelectionSort,Parallel,4,Sorted,4,0.3159,0.555235834124723,0.13880895853118075
1000,MergeSort,Parallel,4,Sorted,4,0.251101,0.07128605620845795,0.017821514052114486
1000,BubbleSort,Parallel,4,Sorted,4,22.7401,3.513616914613392E-5,8.78404228653348E-6
1000,InsertSort,Parallel,4,Sorted,4,0.2616,0.0049732415902140675,0.0012433103975535169
1000,SelectionSort,Parallel,8,Sorted,4,0.7133,0.2458979391560353,0.030737242394504413
1000,MergeSort,Parallel,8,Sorted,4,0.5712,0.0313375350140056,0.0039171918767507
1000,BubbleSort,Parallel,8,Sorted,4,22.9866,3.4759381552730726E-5,4.344922694091341E-6
1000,InsertSort,Parallel,8,Sorted,4,0.3336,0.0038998800959232616,4.874850119904077E-4
1000,SelectionSort,Parallel,16,Sorted,4,1.8653,0.09403259529298236,0.005877037205811397
1000,MergeSort,Parallel,16,Sorted,4,0.3707,0.048287024548152147,0.003017939034259509
1000,BubbleSort,Parallel,16,Sorted,4,22.4457,3.559701858262385E-5,2.2248136614139905E-6
1000,InsertSort,Parallel,16,Sorted,4,0.2502,0.005199840127897683,3.2499000799360517E-4
1000,SelectionSort,Serial,1,Sorted,5,0.1738,0.0,0.0
1000,MergeSort,Serial,1,Sorted,5,0.0202,0.0,0.0
1000,BubbleSort,Serial,1,Sorted,5,0.0012,0.0,0.0
1000,InsertSort,Serial,1,Sorted,5,0.0013,0.0,0.0
1000,SelectionSort,Parallel,2,Sorted,5,0.308301,0.5637347916484216,0.2818673958242108
1000,MergeSort,Parallel,2,Sorted,5,0.290899,0.06943990869683292,0.03471995434841646
1000,BubbleSort,Parallel,2,Sorted,5,23.8217,5.037423861437261E-5,2.5187119307186304E-5
1000,InsertSort,Parallel,2,Sorted,5,0.352401,0.0036889793161767413,0.0018444896580883706
1000,SelectionSort,Parallel,4,Sorted,5,0.405501,0.42860560146584104,0.10715140036646026
1000,MergeSort,Parallel,4,Sorted,5,0.234601,0.08610363979693181,0.021525909949232952
1000,BubbleSort,Parallel,4,Sorted,5,23.5911,5.086664038556913E-5,1.2716660096392282E-5
1000,InsertSort,Parallel,4,Sorted,5,0.414,0.003140096618357488,7.85024154589372E-4
1000,SelectionSort,Parallel,8,Sorted,5,0.833101,0.20861816274377298,0.026077270342971623
1000,MergeSort,Parallel,8,Sorted,5,0.2801,0.07211710103534451,0.009014637629418063
1000,BubbleSort,Parallel,8,Sorted,5,24.8422,4.8304900532158985E-5,6.038112566519873E-6
1000,InsertSort,Parallel,8,Sorted,5,0.3842,0.00338365434669443,4.2295679333680374E-4
1000,SelectionSort,Parallel,16,Sorted,5,1.447101,0.12010219051745526,0.0075063869073409535
1000,MergeSort,Parallel,16,Sorted,5,0.5303,0.038091646237978505,0.0023807278898736565
1000,BubbleSort,Parallel,16,Sorted,5,24.807001,4.837344102981251E-5,3.023340064363282E-6
1000,InsertSort,Parallel,16,Sorted,5,0.2961,0.004390408645727795,2.744005403579872E-4
1000,SelectionSort,Serial,1,Reverse,1,0.1909,0.0,0.0
1000,MergeSort,Serial,1,Reverse,1,0.023401,0.0,0.0
1000,BubbleSort,Serial,1,Reverse,1,0.6172,0.0,0.0
1000,InsertSort,Serial,1,Reverse,1,0.1091,0.0,0.0
1000,SelectionSort,Parallel,2,Reverse,1,0.367,0.5201634877384196,0.2600817438692098
1000,MergeSort,Parallel,2,Reverse,1,0.2001,0.1169465267366317,0.05847326336831585
1000,BubbleSort,Parallel,2,Reverse,1,23.9097,0.02581379105551303,0.012906895527756515
1000,InsertSort,Parallel,2,Reverse,1,0.297901,0.3662290492479045,0.18311452462395225
1000,SelectionSort,Parallel,4,Reverse,1,0.4704,0.4058248299319728,0.1014562074829932
1000,MergeSort,Parallel,4,Reverse,1,0.2698,0.08673461823573018,0.021683654558932546
1000,BubbleSort,Parallel,4,Reverse,1,25.7243,0.02399287832905074,0.005998219582262685
1000,InsertSort,Parallel,4,Reverse,1,0.5646,0.19323414806942968,0.04830853701735742
1000,SelectionSort,Parallel,8,Reverse,1,1.034,0.1846228239845261,0.02307785299806576
1000,MergeSort,Parallel,8,Reverse,1,0.3796,0.06164646996838778,0.007705808746048473
1000,BubbleSort,Parallel,8,Reverse,1,25.309499,0.02438610104451297,0.0030482626305641213
1000,InsertSort,Parallel,8,Reverse,1,0.526,0.20741444866920153,0.02592680608365019
1000,SelectionSort,Parallel,16,Reverse,1,1.6733,0.11408593796689176,0.007130371122930735
1000,MergeSort,Parallel,16,Reverse,1,0.495301,0.04724601807789607,0.0029528761298685045
1000,BubbleSort,Parallel,16,Reverse,1,23.8464,0.025882313472893183,0.001617644592055824
1000,InsertSort,Parallel,16,Reverse,1,0.457,0.2387308533916849,0.014920678336980306
1000,SelectionSort,Serial,1,Reverse,2,0.1908,0.0,0.0
1000,MergeSort,Serial,1,Reverse,2,0.022701,0.0,0.0
1000,BubbleSort,Serial,1,Reverse,2,0.672201,0.0,0.0
1000,InsertSort,Serial,1,Reverse,2,0.1091,0.0,0.0
1000,SelectionSort,Parallel,2,Reverse,2,0.426899,0.44694412495695707,0.22347206247847853
1000,MergeSort,Parallel,2,Reverse,2,0.259199,0.08758135640955404,0.04379067820477702
1000,BubbleSort,Parallel,2,Reverse,2,21.971899,0.030593668758444596,0.015296834379222298
1000,InsertSort,Parallel,2,Reverse,2,0.3765,0.2897742363877822,0.1448871181938911
1000,SelectionSort,Parallel,4,Reverse,2,0.5138,0.37135072012456205,0.09283768003114051
1000,MergeSort,Parallel,4,Reverse,2,0.372901,0.06087674744771401,0.015219186861928502
1000,BubbleSort,Parallel,4,Reverse,2,22.2912,0.03015544250645995,0.007538860626614988
1000,InsertSort,Parallel,4,Reverse,2,0.446299,0.24445495060486355,0.06111373765121589
1000,SelectionSort,Parallel,8,Reverse,2,0.7013,0.27206616284043916,0.034008270355054895
1000,MergeSort,Parallel,8,Reverse,2,0.2887,0.07863179771388984,0.00982897471423623
1000,BubbleSort,Parallel,8,Reverse,2,21.414401,0.03139013787964464,0.00392376723495558
1000,InsertSort,Parallel,8,Reverse,2,0.3513,0.3105607742670083,0.038820096783376036
1000,SelectionSort,Parallel,16,Reverse,2,1.347601,0.14158493500672675,0.008849058437920422
1000,MergeSort,Parallel,16,Reverse,2,0.444899,0.05102506411567569,0.003189066507229731
1000,BubbleSort,Parallel,16,Reverse,2,22.519699,0.02984946646045314,0.0018655916537783212
1000,InsertSort,Parallel,16,Reverse,2,0.4108,0.2655793573515093,0.01659870983446933
1000,SelectionSort,Serial,1,Reverse,3,0.1924,0.0,0.0
1000,MergeSort,Serial,1,Reverse,3,0.023301,0.0,0.0
1000,BubbleSort,Serial,1,Reverse,3,1.0419,0.0,0.0
1000,InsertSort,Serial,1,Reverse,3,0.109899,0.0,0.0
1000,SelectionSort,Parallel,2,Reverse,3,0.4009,0.4799201795959092,0.2399600897979546
1000,MergeSort,Parallel,2,Reverse,3,0.3978,0.05857466063348416,0.02928733031674208
1000,BubbleSort,Parallel,2,Reverse,3,21.0999,0.04937938094493339,0.024689690472466694
1000,InsertSort,Parallel,2,Reverse,3,0.4739,0.2319033551382148,0.1159516775691074
1000,SelectionSort,Parallel,4,Reverse,3,0.454199,0.42360287010759595,0.10590071752689899
1000,MergeSort,Parallel,4,Reverse,3,0.282099,0.08259866217179075,0.020649665542947688
1000,BubbleSort,Parallel,4,Reverse,3,21.838,0.047710413041487314,0.011927603260371828
1000,InsertSort,Parallel,4,Reverse,3,0.401799,0.27351735569277175,0.06837933892319294
1000,SelectionSort,Parallel,8,Reverse,3,0.665901,0.2889318382161913,0.03611647977702391
1000,MergeSort,Parallel,8,Reverse,3,0.247399,0.09418388918306056,0.01177298614788257
1000,BubbleSort,Parallel,8,Reverse,3,24.183299,0.04308345193102066,0.005385431491377582
1000,InsertSort,Parallel,8,Reverse,3,0.3322,0.3308217940999398,0.04135272426249247
1000,SelectionSort,Parallel,16,Reverse,3,0.968,0.1987603305785124,0.012422520661157024
1000,MergeSort,Parallel,16,Reverse,3,0.7657,0.0304309781898916,0.001901936136868225
1000,BubbleSort,Parallel,16,Reverse,3,23.5205,0.044297527688612066,0.002768595480538254
1000,InsertSort,Parallel,16,Reverse,3,0.5715,0.1922992125984252,0.012018700787401575
1000,SelectionSort,Serial,1,Reverse,4,0.1911,0.0,0.0
1000,MergeSort,Serial,1,Reverse,4,0.0229,0.0,0.0
1000,BubbleSort,Serial,1,Reverse,4,0.664501,0.0,0.0
1000,InsertSort,Serial,1,Reverse,4,0.1097,0.0,0.0
1000,SelectionSort,Parallel,2,Reverse,4,0.3881,0.49239886627157947,0.24619943313578974
1000,MergeSort,Parallel,2,Reverse,4,0.212299,0.10786673512357572,0.05393336756178786
1000,BubbleSort,Parallel,2,Reverse,4,22.2021,0.029929646294719867,0.014964823147359934
1000,InsertSort,Parallel,2,Reverse,4,0.322499,0.3401560935072667,0.17007804675363336
1000,SelectionSort,Parallel,4,Reverse,4,0.6858,0.2786526684164479,0.06966316710411198
1000,MergeSort,Parallel,4,Reverse,4,0.328199,0.06977474032522951,0.017443685081307378
1000,BubbleSort,Parallel,4,Reverse,4,21.3246,0.031161241008037667,0.007790310252009417
1000,InsertSort,Parallel,4,Reverse,4,0.4529,0.2422168249061603,0.06055420622654008
1000,SelectionSort,Parallel,8,Reverse,4,1.139901,0.16764613769090472,0.02095576721136309
1000,MergeSort,Parallel,8,Reverse,4,0.5579,0.04104678257752286,0.0051308478221903575
1000,BubbleSort,Parallel,8,Reverse,4,21.7397,0.030566245164376695,0.003820780645547087
1000,InsertSort,Parallel,8,Reverse,4,0.3521,0.3115592161317807,0.03894490201647259
1000,SelectionSort,Parallel,16,Reverse,4,1.2041,0.15870774852586994,0.009919234282866871
1000,MergeSort,Parallel,16,Reverse,4,0.342599,0.06684199311731792,0.00417762456983237
1000,BubbleSort,Parallel,16,Reverse,4,21.5565,0.030826015354997332,0.0019266259596873332
1000,InsertSort,Parallel,16,Reverse,4,0.302699,0.3624062187189254,0.02265038866993284
1000,SelectionSort,Serial,1,Reverse,5,0.1916,0.0,0.0
1000,MergeSort,Serial,1,Reverse,5,0.023,0.0,0.0
1000,BubbleSort,Serial,1,Reverse,5,0.5946,0.0,0.0
1000,InsertSort,Serial,1,Reverse,5,0.109401,0.0,0.0
1000,SelectionSort,Parallel,2,Reverse,5,0.4677,0.4096643147316656,0.2048321573658328
1000,MergeSort,Parallel,2,Reverse,5,0.1816,0.1266519823788546,0.0633259911894273
1000,BubbleSort,Parallel,2,Reverse,5,23.0849,0.025757096630264806,0.012878548315132403
1000,InsertSort,Parallel,2,Reverse,5,0.266,0.411281954887218,0.205640977443609
1000,SelectionSort,Parallel,4,Reverse,5,0.382399,0.501047335374831,0.12526183384370776
1000,MergeSort,Parallel,4,Reverse,5,0.342,0.06725146198830409,0.016812865497076022
1000,BubbleSort,Parallel,4,Reverse,5,23.368,0.025445053064019174,0.0063612632660047935
1000,InsertSort,Parallel,4,Reverse,5,0.3502,0.31239577384351797,0.07809894346087949
1000,SelectionSort,Parallel,8,Reverse,5,0.5136,0.37305295950155765,0.046631619937694706
1000,MergeSort,Parallel,8,Reverse,5,0.2529,0.09094503756425464,0.01136812969553183
1000,BubbleSort,Parallel,8,Reverse,5,25.7282,0.023110827807619656,0.002888853475952457
1000,InsertSort,Parallel,8,Reverse,5,0.518,0.21119884169884168,0.02639985521235521
1000,SelectionSort,Parallel,16,Reverse,5,1.1719,0.16349517876951958,0.010218448673094974
1000,MergeSort,Parallel,16,Reverse,5,0.5507,0.0417650263301253,0.002610314145632831
1000,BubbleSort,Parallel,16,Reverse,5,27.318601,0.02176538981626475,0.0013603368635165469
1000,InsertSort,Parallel,16,Reverse,5,0.4448,0.24595548561151082,0.015372217850719426
1000,SelectionSort,Serial,1,PartiallySorted,1,0.208499,0.0,0.0
1000,MergeSort,Serial,1,PartiallySorted,1,0.0331,0.0,0.0
1000,BubbleSort,Serial,1,PartiallySorted,1,0.2967,0.0,0.0
1000,InsertSort,Serial,1,PartiallySorted,1,0.0295,0.0,0.0
1000,SelectionSort,Parallel,2,PartiallySorted,1,0.385101,0.5414138109223294,0.2707069054611647
1000,MergeSort,Parallel,2,PartiallySorted,1,0.2253,0.14691522414558367,0.07345761207279183
1000,BubbleSort,Parallel,2,PartiallySorted,1,22.4838,0.013196167907560112,0.006598083953780056
1000,InsertSort,Parallel,2,PartiallySorted,1,0.4069,0.07249938559842713,0.03624969279921356
1000,SelectionSort,Parallel,4,PartiallySorted,1,0.4707,0.4429551731463777,0.11073879328659443
1000,MergeSort,Parallel,4,PartiallySorted,1,0.254,0.13031496062992126,0.032578740157480315
1000,BubbleSort,Parallel,4,PartiallySorted,1,21.1761,0.014011078527207559,0.0035027696318018896
1000,InsertSort,Parallel,4,PartiallySorted,1,0.3545,0.08321579689703808,0.02080394922425952
1000,SelectionSort,Parallel,8,PartiallySorted,1,0.7929,0.26295749779291205,0.03286968722411401
1000,MergeSort,Parallel,8,PartiallySorted,1,0.2702,0.12250185048112508,0.015312731310140635
1000,BubbleSort,Parallel,8,PartiallySorted,1,21.382399,0.01387589858369026,0.0017344873229612826
1000,InsertSort,Parallel,8,PartiallySorted,1,0.2925,0.10085470085470086,0.012606837606837607
1000,SelectionSort,Parallel,16,PartiallySorted,1,1.664899,0.12523222129390432,0.00782701383086902
1000,MergeSort,Parallel,16,PartiallySorted,1,0.330501,0.10015098290171588,0.006259436431357243
1000,BubbleSort,Parallel,16,PartiallySorted,1,21.1388,0.014035801464605372,8.772375915378358E-4
1000,InsertSort,Parallel,16,PartiallySorted,1,0.5075,0.05812807881773399,0.0036330049261083745
1000,SelectionSort,Serial,1,PartiallySorted,2,0.2753,0.0,0.0
1000,MergeSort,Serial,1,PartiallySorted,2,0.035001,0.0,0.0
1000,BubbleSort,Serial,1,PartiallySorted,2,0.2894,0.0,0.0
1000,InsertSort,Serial,1,PartiallySorted,2,0.029199,0.0,0.0
1000,SelectionSort,Parallel,2,PartiallySorted,2,0.4539,0.606521260189469,0.3032606300947345
1000,MergeSort,Parallel,2,PartiallySorted,2,0.2396,0.14608096828046743,0.07304048414023372
1000,BubbleSort,Parallel,2,PartiallySorted,2,20.8632,0.013871314084128993,0.0069356570420644964
1000,InsertSort,Parallel,2,PartiallySorted,2,0.236401,0.1235147059445603,0.06175735297228015
1000,SelectionSort,Parallel,4,PartiallySorted,2,0.4452,0.6183737646001797,0.15459344115004492
1000,MergeSort,Parallel,4,PartiallySorted,2,0.269101,0.13006640629354776,0.03251660157338694
1000,BubbleSort,Parallel,4,PartiallySorted,2,22.7867,0.012700391017567265,0.0031750977543918164
1000,InsertSort,Parallel,4,PartiallySorted,2,0.3268,0.08934822521419829,0.022337056303549572
1000,SelectionSort,Parallel,8,PartiallySorted,2,0.5982,0.4602139752591107,0.057526746907388834
1000,MergeSort,Parallel,8,PartiallySorted,2,0.285101,0.12276701940715745,0.015345877425894681
1000,BubbleSort,Parallel,8,PartiallySorted,2,22.0093,0.013148987019123733,0.0016436233773904666
1000,InsertSort,Parallel,8,PartiallySorted,2,0.319,0.09153291536050157,0.011441614420062696
1000,SelectionSort,Parallel,16,PartiallySorted,2,1.0531,0.26141866869243185,0.01633866679327699
1000,MergeSort,Parallel,16,PartiallySorted,2,0.3699,0.0946228710462287,0.005913929440389294
1000,BubbleSort,Parallel,16,PartiallySorted,2,22.2493,0.013007150786766324,8.129469241728953E-4
1000,InsertSort,Parallel,16,PartiallySorted,2,0.294899,0.09901356057497651,0.006188347535936032
1000,SelectionSort,Serial,1,PartiallySorted,3,0.208901,0.0,0.0
1000,MergeSort,Serial,1,PartiallySorted,3,0.033,0.0,0.0
1000,BubbleSort,Serial,1,PartiallySorted,3,0.3035,0.0,0.0
1000,InsertSort,Serial,1,PartiallySorted,3,0.029199,0.0,0.0
1000,SelectionSort,Parallel,2,PartiallySorted,3,0.297001,0.7033680021279389,0.35168400106396946
1000,MergeSort,Parallel,2,PartiallySorted,3,0.2143,0.15398973401773217,0.07699486700886608
1000,BubbleSort,Parallel,2,PartiallySorted,3,21.250499,0.014282017565799277,0.007141008782899638
1000,InsertSort,Parallel,2,PartiallySorted,3,0.3478,0.08395342150661299,0.041976710753306494
1000,SelectionSort,Parallel,4,PartiallySorted,3,0.5014,0.4166354208216993,0.10415885520542482
1000,MergeSort,Parallel,4,PartiallySorted,3,0.242001,0.13636307287986416,0.03409076821996604
1000,BubbleSort,Parallel,4,PartiallySorted,3,23.393899,0.012973467996933729,0.0032433669992334322
1000,InsertSort,Parallel,4,PartiallySorted,3,0.448401,0.0651180528143336,0.0162795132035834
1000,SelectionSort,Parallel,8,PartiallySorted,3,0.757701,0.2757037406575945,0.034462967582199314
1000,MergeSort,Parallel,8,PartiallySorted,3,0.363201,0.09085878067516334,0.011357347584395418
1000,BubbleSort,Parallel,8,PartiallySorted,3,22.3295,0.013591885174320965,0.0016989856467901207
1000,InsertSort,Parallel,8,PartiallySorted,3,0.327899,0.0890487619663372,0.01113109524579215
1000,SelectionSort,Parallel,16,PartiallySorted,3,1.4752,0.14160859544468546,0.008850537215292841
1000,MergeSort,Parallel,16,PartiallySorted,3,0.4852,0.06801319043693323,0.004250824402308327
1000,BubbleSort,Parallel,16,PartiallySorted,3,23.4589,0.012937520514602134,8.085950321626334E-4
1000,InsertSort,Parallel,16,PartiallySorted,3,0.271801,0.10742786082464743,0.006714241301540465
1000,SelectionSort,Serial,1,PartiallySorted,4,0.2093,0.0,0.0
1000,MergeSort,Serial,1,PartiallySorted,4,0.034,0.0,0.0
1000,BubbleSort,Serial,1,PartiallySorted,4,0.286201,0.0,0.0
1000,InsertSort,Serial,1,PartiallySorted,4,0.0288,0.0,0.0
1000,SelectionSort,Parallel,2,PartiallySorted,4,0.329901,0.6344327540686449,0.3172163770343224
1000,MergeSort,Parallel,2,PartiallySorted,4,0.1883,0.18056293149229954,0.09028146574614977
1000,BubbleSort,Parallel,2,PartiallySorted,4,22.5669,0.012682335633161842,0.006341167816580921
1000,InsertSort,Parallel,2,PartiallySorted,4,0.2759,0.10438564697354115,0.052192823486770575
1000,SelectionSort,Parallel,4,PartiallySorted,4,0.304601,0.6871284073263055,0.17178210183157638
1000,MergeSort,Parallel,4,PartiallySorted,4,0.282099,0.12052506389600816,0.03013126597400204
1000,BubbleSort,Parallel,4,PartiallySorted,4,22.5505,0.012691558945477927,0.003172889736369482
1000,InsertSort,Parallel,4,PartiallySorted,4,0.269,0.1070631970260223,0.026765799256505574
1000,SelectionSort,Parallel,8,PartiallySorted,4,0.6688,0.3129485645933015,0.03911857057416269
1000,MergeSort,Parallel,8,PartiallySorted,4,0.2653,0.12815680361854506,0.016019600452318133
1000,BubbleSort,Parallel,8,PartiallySorted,4,23.1558,0.012359797545323417,0.0015449746931654271
1000,InsertSort,Parallel,8,PartiallySorted,4,0.314,0.09171974522292993,0.011464968152866241
1000,SelectionSort,Parallel,16,PartiallySorted,4,0.9166,0.22834387955487673,0.014271492472179795
1000,MergeSort,Parallel,16,PartiallySorted,4,0.736801,0.04614543139870874,0.0028840894624192963
1000,BubbleSort,Parallel,16,PartiallySorted,4,22.406499,0.01277312444036884,7.983202775230525E-4
1000,InsertSort,Parallel,16,PartiallySorted,4,0.316299,0.0910530858459875,0.005690817865374218
1000,SelectionSort,Serial,1,PartiallySorted,5,0.2085,0.0,0.0
1000,MergeSort,Serial,1,PartiallySorted,5,0.0331,0.0,0.0
1000,BubbleSort,Serial,1,PartiallySorted,5,0.2951,0.0,0.0
1000,InsertSort,Serial,1,PartiallySorted,5,0.0277,0.0,0.0
1000,SelectionSort,Parallel,2,PartiallySorted,5,0.3537,0.5894826123833757,0.29474130619168787
1000,MergeSort,Parallel,2,PartiallySorted,5,0.1916,0.17275574112734865,0.08637787056367432
1000,BubbleSort,Parallel,2,PartiallySorted,5,22.9214,0.01287443175373232,0.00643721587686616
1000,InsertSort,Parallel,2,PartiallySorted,5,0.233,0.11888412017167381,0.059442060085836905
1000,SelectionSort,Parallel,4,PartiallySorted,5,0.379199,0.5498432221603959,0.13746080554009898
1000,MergeSort,Parallel,4,PartiallySorted,5,0.2616,0.12652905198776757,0.03163226299694189
1000,BubbleSort,Parallel,4,PartiallySorted,5,23.7983,0.012400045381392787,0.003100011345348197
1000,InsertSort,Parallel,4,PartiallySorted,5,0.3595,0.07705146036161335,0.019262865090403338
1000,SelectionSort,Parallel,8,PartiallySorted,5,0.856999,0.24329083231135626,0.030411354038919532
1000,MergeSort,Parallel,8,PartiallySorted,5,0.4335,0.07635524798154555,0.009544405997693194
1000,BubbleSort,Parallel,8,PartiallySorted,5,15.8987,0.018561266015460383,0.002320158251932548
1000,InsertSort,Parallel,8,PartiallySorted,5,0.482699,0.05738565855740327,0.0071732073196754086
1000,SelectionSort,Parallel,16,PartiallySorted,5,1.7037,0.12238070082761049,0.007648793801725656
1000,MergeSort,Parallel,16,PartiallySorted,5,0.4115,0.0804374240583232,0.0050273390036452
1000,BubbleSort,Parallel,16,PartiallySorted,5,27.5505,0.010711239360447178,6.694524600279486E-4
1000,InsertSort,Parallel,16,PartiallySorted,5,0.3938,0.07034027425088878,0.0043962671406805485
10000,SelectionSort,Serial,1,Random,1,17.1613,0.0,0.0
10000,MergeSort,Serial,1,Random,1,0.734699,0.0,0.0
10000,BubbleSort,Serial,1,Random,1,85.800801,0.0,0.0
10000,InsertSort,Serial,1,Random,1,4.7287,0.0,0.0
10000,SelectionSort,Parallel,2,Random,1,5.1925,3.3050168512277325,1.6525084256138662
10000,MergeSort,Parallel,2,Random,1,1.0123,0.7257720043465375,0.3628860021732688
10000,BubbleSort,Parallel,2,Random,1,606.6368,0.14143685480340132,0.07071842740170066
10000,InsertSort,Parallel,2,Random,1,0.8042,5.880004973887092,2.940002486943546
10000,SelectionSort,Parallel,4,Random,1,1.8302,9.376734783083815,2.344183695770954
10000,MergeSort,Parallel,4,Random,1,0.8304,0.8847531310211946,0.22118828275529864
10000,BubbleSort,Parallel,4,Random,1,628.1688,0.13658876563114883,0.03414719140778721
10000,InsertSort,Parallel,4,Random,1,1.0233,4.62103000097723,1.1552575002443075
10000,SelectionSort,Parallel,8,Random,1,1.367599,12.54848826300692,1.568561032875865
10000,MergeSort,Parallel,8,Random,1,0.7578,0.9695157033518078,0.12118946291897598
10000,BubbleSort,Parallel,8,Random,1,704.5349,0.121783606461511,0.015222950807688875
10000,InsertSort,Parallel,8,Random,1,0.905301,5.223345605494747,0.6529182006868434
10000,SelectionSort,Parallel,16,Random,1,1.6991,10.100229533282326,0.6312643458301453
10000,MergeSort,Parallel,16,Random,1,0.9391,0.7823437333617292,0.04889648333510808
10000,BubbleSort,Parallel,16,Random,1,766.202601,0.11198187122833848,0.006998866951771155
10000,InsertSort,Parallel,16,Random,1,1.3467,3.511323977129279,0.21945774857057992
10000,SelectionSort,Serial,1,Random,2,17.3941,0.0,0.0
10000,MergeSort,Serial,1,Random,2,0.731001,0.0,0.0
10000,BubbleSort,Serial,1,Random,2,85.577399,0.0,0.0
10000,InsertSort,Serial,1,Random,2,4.9227,0.0,0.0
10000,SelectionSort,Parallel,2,Random,2,5.194601,3.34849587100145,1.674247935500725
10000,MergeSort,Parallel,2,Random,2,0.9762,0.7488229870928089,0.37441149354640446
10000,BubbleSort,Parallel,2,Random,2,592.1576,0.14451794420944694,0.07225897210472347
10000,InsertSort,Parallel,2,Random,2,1.321099,3.726215824854912,1.863107912427456
10000,SelectionSort,Parallel,4,Random,2,2.433399,7.148067374072235,1.7870168435180587
10000,MergeSort,Parallel,4,Random,2,0.779,0.9383838254172016,0.2345959563543004
10000,BubbleSort,Parallel,4,Random,2,670.3755,0.12765591672130022,0.031913979180325056
10000,InsertSort,Parallel,4,Random,2,0.8523,5.775783174938402,1.4439457937346005
10000,SelectionSort,Parallel,8,Random,2,1.624099,10.709999821439459,1.3387499776799323
10000,MergeSort,Parallel,8,Random,2,0.676001,1.0813608263893102,0.13517010329866377
10000,BubbleSort,Parallel,8,Random,2,705.1625,0.12135840887738641,0.015169801109673302
10000,InsertSort,Parallel,8,Random,2,1.0075,4.886054590570719,0.6107568238213399
10000,SelectionSort,Parallel,16,Random,2,1.9886,8.746907372020518,0.5466817107512824
10000,MergeSort,Parallel,16,Random,2,0.7509,0.9734998002397124,0.060843737514982024
10000,BubbleSort,Parallel,16,Random,2,766.088699,0.11170690693089051,0.006981681683180657
10000,InsertSort,Parallel,16,Random,2,1.1741,4.192743377906481,0.2620464611191551
10000,SelectionSort,Serial,1,Random,3,17.3372,0.0,0.0
10000,MergeSort,Serial,1,Random,3,0.7281,0.0,0.0
10000,BubbleSort,Serial,1,Random,3,84.0615,0.0,0.0
10000,InsertSort,Serial,1,Random,3,4.8704,0.0,0.0
10000,SelectionSort,Parallel,2,Random,3,4.77,3.634633123689728,1.817316561844864
10000,MergeSort,Parallel,2,Random,3,0.693101,1.0504962480215727,0.5252481240107864
10000,BubbleSort,Parallel,2,Random,3,539.869,0.15570721786211097,0.07785360893105549
10000,InsertSort,Parallel,2,Random,3,0.8185,5.950397067806964,2.975198533903482
10000,SelectionSort,Parallel,4,Random,3,1.7368,9.982266236757255,2.4955665591893137
10000,MergeSort,Parallel,4,Random,3,0.6306,1.154614652711703,0.28865366317792573
10000,BubbleSort,Parallel,4,Random,3,618.177,0.1359828981019999,0.033995724525499975
10000,InsertSort,Parallel,4,Random,3,0.9209,5.28873927679444,1.32218481919861
10000,SelectionSort,Parallel,8,Random,3,1.4644,11.83911499590276,1.479889374487845
10000,MergeSort,Parallel,8,Random,3,0.6844,1.0638515488018703,0.13298144360023378
10000,BubbleSort,Parallel,8,Random,3,701.5556,0.11982157935878496,0.01497769741984812
10000,InsertSort,Parallel,8,Random,3,1.0807,4.506708614786713,0.5633385768483391
10000,SelectionSort,Parallel,16,Random,3,2.202,7.8733878292461394,0.4920867393278837
10000,MergeSort,Parallel,16,Random,3,1.1669,0.623960922101294,0.03899755763133087
10000,BubbleSort,Parallel,16,Random,3,753.226301,0.11160191815978554,0.006975119884986596
10000,InsertSort,Parallel,16,Random,3,1.5142,3.216483951921807,0.20103024699511293
10000,SelectionSort,Serial,1,Random,4,20.271201,0.0,0.0
10000,MergeSort,Serial,1,Random,4,0.749,0.0,0.0
10000,BubbleSort,Serial,1,Random,4,85.3788,0.0,0.0
10000,InsertSort,Serial,1,Random,4,5.0058,0.0,0.0
10000,SelectionSort,Parallel,2,Random,4,7.0968,2.856386117686845,1.4281930588434224
10000,MergeSort,Parallel,2,Random,4,1.0369,0.7223454527919762,0.3611727263959881
10000,BubbleSort,Parallel,2,Random,4,578.4626,0.1475960589327642,0.0737980294663821
10000,InsertSort,Parallel,2,Random,4,0.813501,6.153403622122161,3.0767018110610804
10000,SelectionSort,Parallel,4,Random,4,2.4279,8.349273446188064,2.087318361547016
10000,MergeSort,Parallel,4,Random,4,0.5911,1.2671290813737102,0.31678227034342754
10000,BubbleSort,Parallel,4,Random,4,645.626801,0.13224172210285923,0.03306043052571481
10000,InsertSort,Parallel,4,Random,4,0.7542,6.637231503579952,1.659307875894988
10000,SelectionSort,Parallel,8,Random,4,1.6104,12.587680700447095,1.5734600875558868
10000,MergeSort,Parallel,8,Random,4,0.7433,1.0076685053141397,0.12595856316426746
10000,BubbleSort,Parallel,8,Random,4,700.115,0.1219496796954786,0.015243709961934825
10000,InsertSort,Parallel,8,Random,4,1.164599,4.298303536238654,0.5372879420298318
10000,SelectionSort,Parallel,16,Random,4,1.844,10.993059110629067,0.6870661944143167
10000,MergeSort,Parallel,16,Random,4,0.903501,0.828997422249671,0.05181233889060444
10000,BubbleSort,Parallel,16,Random,4,742.8763,0.11493003613118362,0.007183127258198976
10000,InsertSort,Parallel,16,Random,4,1.497,3.3438877755511016,0.20899298597194385
10000,SelectionSort,Serial,1,Random,5,16.5657,0.0,0.0
10000,MergeSort,Serial,1,Random,5,0.6797,0.0,0.0
10000,BubbleSort,Serial,1,Random,5,82.1642,0.0,0.0
10000,InsertSort,Serial,1,Random,5,4.986201,0.0,0.0
10000,SelectionSort,Parallel,2,Random,5,4.871499,3.400534414561103,1.7002672072805516
10000,MergeSort,Parallel,2,Random,5,0.7497,0.9066293183940242,0.4533146591970121
10000,BubbleSort,Parallel,2,Random,5,578.9376,0.1419223764357333,0.07096118821786665
10000,InsertSort,Parallel,2,Random,5,0.911399,5.470930953402407,2.7354654767012034
10000,SelectionSort,Parallel,4,Random,5,3.0182,5.488602478298323,1.3721506195745807
10000,MergeSort,Parallel,4,Random,5,0.760999,0.8931680593535603,0.22329201483839006
10000,BubbleSort,Parallel,4,Random,5,643.1752,0.12774777385695218,0.031936943464238046
10000,InsertSort,Parallel,4,Random,5,0.9836,5.069338145587637,1.2673345363969093
10000,SelectionSort,Parallel,8,Random,5,1.719101,9.636257555547928,1.204532194443491
10000,MergeSort,Parallel,8,Random,5,0.815601,0.8333731812491647,0.10417164765614559
10000,BubbleSort,Parallel,8,Random,5,694.7209,0.1182693654386963,0.014783670679837038
10000,InsertSort,Parallel,8,Random,5,0.9624,5.181006857855362,0.6476258572319202
10000,SelectionSort,Parallel,16,Random,5,1.7944,9.231888096299599,0.5769930060187249
10000,MergeSort,Parallel,16,Random,5,0.938,0.7246268656716418,0.04528917910447761
10000,BubbleSort,Parallel,16,Random,5,745.928901,0.11015017636379261,0.006884386022737038
10000,InsertSort,Parallel,16,Random,5,3.8123,1.3079246124386854,0.08174528827741784
10000,SelectionSort,Serial,1,Sorted,1,16.9879,0.0,0.0
10000,MergeSort,Serial,1,Sorted,1,0.296699,0.0,0.0
10000,BubbleSort,Serial,1,Sorted,1,0.002801,0.0,0.0
10000,InsertSort,Serial,1,Sorted,1,0.007701,0.0,0.0
10000,SelectionSort,Parallel,2,Sorted,1,5.2218,3.2532651576084874,1.6266325788042437
10000,MergeSort,Parallel,2,Sorted,1,0.6494,0.4568817369879889,0.22844086849399445
10000,BubbleSort,Parallel,2,Sorted,1,375.7406,7.454610973634471E-6,3.7273054868172357E-6
10000,InsertSort,Parallel,2,Sorted,1,1.346201,0.005720542474712172,0.002860271237356086
10000,SelectionSort,Parallel,4,Sorted,1,1.9935,8.521645347378982,2.1304113368447455
10000,MergeSort,Parallel,4,Sorted,1,0.5634,0.5266222932197373,0.13165557330493433
10000,BubbleSort,Parallel,4,Sorted,1,436.4411,6.417819036749747E-6,1.6044547591874367E-6
10000,InsertSort,Parallel,4,Sorted,1,0.5599,0.01375424182889802,0.003438560457224505
10000,SelectionSort,Parallel,8,Sorted,1,1.2631,13.449370596152324,1.6811713245190405
10000,MergeSort,Parallel,8,Sorted,1,0.500101,0.5932781578121219,0.07415976972651524
10000,BubbleSort,Parallel,8,Sorted,1,383.3122,7.307359379638842E-6,9.134199224548553E-7
10000,InsertSort,Parallel,8,Sorted,1,2.2862,0.0033684716997638003,4.2105896247047504E-4
10000,SelectionSort,Parallel,16,Sorted,1,2.5686,6.613680604220198,0.41335503776376237
10000,MergeSort,Parallel,16,Sorted,1,0.772999,0.3838284396228197,0.02398927747642623
10000,BubbleSort,Parallel,16,Sorted,1,511.587499,5.475114238473603E-6,3.421946399046002E-7
10000,InsertSort,Parallel,16,Sorted,1,3.444199,0.0022359335218435404,1.3974584511522128E-4
10000,SelectionSort,Serial,1,Sorted,2,16.6841,0.0,0.0
10000,MergeSort,Serial,1,Sorted,2,0.2757,0.0,0.0
10000,BubbleSort,Serial,1,Sorted,2,0.0036,0.0,0.0
10000,InsertSort,Serial,1,Sorted,2,0.0076,0.0,0.0
10000,SelectionSort,Parallel,2,Sorted,2,4.7817,3.489156576113098,1.744578288056549
10000,MergeSort,Parallel,2,Sorted,2,0.4192,0.6576812977099237,0.32884064885496184
10000,BubbleSort,Parallel,2,Sorted,2,326.9596,1.1010534634860085E-5,5.505267317430042E-6
10000,InsertSort,Parallel,2,Sorted,2,1.9501,0.003897236039177478,0.001948618019588739
10000,SelectionSort,Parallel,4,Sorted,2,2.2779,7.324333816234252,1.831083454058563
10000,MergeSort,Parallel,4,Sorted,2,0.5029,0.5482203221316365,0.13705508053290913
10000,BubbleSort,Parallel,4,Sorted,2,421.2289,8.546422147198351E-6,2.136605536799588E-6
10000,InsertSort,Parallel,4,Sorted,2,1.6088,0.004724017901541522,0.0011810044753853804
10000,SelectionSort,Parallel,8,Sorted,2,1.868401,8.92961414599971,1.1162017682499636
10000,MergeSort,Parallel,8,Sorted,2,0.4741,0.581522885467201,0.07269036068340012
10000,BubbleSort,Parallel,8,Sorted,2,472.859199,7.613259946329182E-6,9.516574932911478E-7
10000,InsertSort,Parallel,8,Sorted,2,0.7948,0.009562154001006544,0.001195269250125818
10000,SelectionSort,Parallel,16,Sorted,2,1.3711,12.168404930347897,0.7605253081467436
10000,MergeSort,Parallel,16,Sorted,2,0.4923,0.5600243753808654,0.035001523461304085
10000,BubbleSort,Parallel,16,Sorted,2,438.9217,8.201918474297352E-6,5.126199046435845E-7
10000,InsertSort,Parallel,16,Sorted,2,1.9664,0.0038649308380797396,2.4155817737998373E-4
10000,SelectionSort,Serial,1,Sorted,3,16.6225,0.0,0.0
10000,MergeSort,Serial,1,Sorted,3,0.1816,0.0,0.0
10000,BubbleSort,Serial,1,Sorted,3,0.0027,0.0,0.0
10000,InsertSort,Serial,1,Sorted,3,0.007301,0.0,0.0
10000,SelectionSort,Parallel,2,Sorted,3,4.7456,3.502718307484828,1.751359153742414
10000,MergeSort,Parallel,2,Sorted,3,0.3519,0.5160556976413755,0.25802784882068774
10000,BubbleSort,Parallel,2,Sorted,3,275.6329,9.795637603493632E-6,4.897818801746816E-6
10000,InsertSort,Parallel,2,Sorted,3,0.791,0.00923008849557522,0.00461504424778761
10000,SelectionSort,Parallel,4,Sorted,3,2.5114,6.618818189057896,1.654704547264474
10000,MergeSort,Parallel,4,Sorted,3,0.393999,0.4609148754184656,0.1152287188546164
10000,BubbleSort,Parallel,4,Sorted,3,343.397599,7.862605935110222E-6,1.9656514837775554E-6
10000,InsertSort,Parallel,4,Sorted,3,0.515701,0.014157428432366819,0.0035393571080917048
10000,SelectionSort,Parallel,8,Sorted,3,1.168801,14.221839303696694,1.7777299129620867
10000,MergeSort,Parallel,8,Sorted,3,0.4057,0.44762139511954646,0.05595267438994331
10000,BubbleSort,Parallel,8,Sorted,3,363.9772,7.418047064486457E-6,9.272558830608072E-7
10000,InsertSort,Parallel,8,Sorted,3,0.7108,0.010271525042205966,0.0012839406302757458
10000,SelectionSort,Parallel,16,Sorted,3,1.1326,14.676408264170933,0.9172755165106833
10000,MergeSort,Parallel,16,Sorted,3,0.7089,0.2561715333615461,0.01601072083509663
10000,BubbleSort,Parallel,16,Sorted,3,441.1192,6.12079456074458E-6,3.8254966004653623E-7
10000,InsertSort,Parallel,16,Sorted,3,1.163401,0.006275566206320951,3.9222288789505946E-4
10000,SelectionSort,Serial,1,Sorted,4,16.7827,0.0,0.0
10000,MergeSort,Serial,1,Sorted,4,0.2141,0.0,0.0
10000,BubbleSort,Serial,1,Sorted,4,0.002901,0.0,0.0
10000,InsertSort,Serial,1,Sorted,4,0.008901,0.0,0.0
10000,SelectionSort,Parallel,2,Sorted,4,4.8968,3.4272790393726513,1.7136395196863257
10000,MergeSort,Parallel,2,Sorted,4,0.405499,0.5279914377100807,0.26399571885504036
10000,BubbleSort,Parallel,2,Sorted,4,268.538799,1.0802908223329025E-5,5.4014541116645125E-6
10000,InsertSort,Parallel,2,Sorted,4,0.451501,0.019714242050405204,0.009857121025202602
10000,SelectionSort,Parallel,4,Sorted,4,1.5046,11.154260268509903,2.7885650671274758
10000,MergeSort,Parallel,4,Sorted,4,0.4192,0.5107347328244275,0.12768368320610687
10000,BubbleSort,Parallel,4,Sorted,4,315.144,9.20531566521971E-6,2.3013289163049274E-6
10000,InsertSort,Parallel,4,Sorted,4,0.552901,0.016098722917846052,0.004024680729461513
10000,SelectionSort,Parallel,8,Sorted,4,1.3623,12.319386331938631,1.5399232914923289
10000,MergeSort,Parallel,8,Sorted,4,0.385201,0.5558137180329231,0.06947671475411539
10000,BubbleSort,Parallel,8,Sorted,4,447.8929,6.4769948351492065E-6,8.096243543936508E-7
10000,InsertSort,Parallel,8,Sorted,4,1.146,0.007767015706806282,9.708769633507853E-4
10000,SelectionSort,Parallel,16,Sorted,4,2.3773,7.059563370209902,0.44122271063811885
10000,MergeSort,Parallel,16,Sorted,4,0.7369,0.2905414574569141,0.018158841091057133
10000,BubbleSort,Parallel,16,Sorted,4,514.4904,5.638589174841746E-6,3.5241182342760914E-7
10000,InsertSort,Parallel,16,Sorted,4,3.7904,0.002348300970873786,1.4676881067961163E-4
10000,SelectionSort,Serial,1,Sorted,5,16.8195,0.0,0.0
10000,MergeSort,Serial,1,Sorted,5,0.200899,0.0,0.0
10000,BubbleSort,Serial,1,Sorted,5,0.0026,0.0,0.0
10000,InsertSort,Serial,1,Sorted,5,0.008701,0.0,0.0
10000,SelectionSort,Parallel,2,Sorted,5,5.279801,3.1856314281542053,1.5928157140771027
10000,MergeSort,Parallel,2,Sorted,5,0.4308,0.46633936861652736,0.23316968430826368
10000,BubbleSort,Parallel,2,Sorted,5,406.6776,6.3932707382949045E-6,3.1966353691474522E-6
10000,InsertSort,Parallel,2,Sorted,5,1.2039,0.0072273444638259,0.00361367223191295
10000,SelectionSort,Parallel,4,Sorted,5,2.515501,6.686342005032,1.671585501258
10000,MergeSort,Parallel,4,Sorted,5,0.6611,0.30388594766298593,0.07597148691574648
10000,BubbleSort,Parallel,4,Sorted,5,466.9048,5.568587001033187E-6,1.3921467502582967E-6
10000,InsertSort,Parallel,4,Sorted,5,0.8657,0.010050825921219822,0.0025127064803049555
10000,SelectionSort,Parallel,8,Sorted,5,1.4525,11.579690189328746,1.4474612736660932
10000,MergeSort,Parallel,8,Sorted,5,0.6336,0.3170754419191919,0.03963443023989899
10000,BubbleSort,Parallel,8,Sorted,5,483.9779,5.372146124854048E-6,6.71518265606756E-7
10000,InsertSort,Parallel,8,Sorted,5,1.8312,0.004751529051987768,5.93941131498471E-4
10000,SelectionSort,Parallel,16,Sorted,5,3.1697,5.3063381392560816,0.3316461337035051
10000,MergeSort,Parallel,16,Sorted,5,0.526601,0.3815013644106259,0.023843835275664117
10000,BubbleSort,Parallel,16,Sorted,5,517.143501,5.027618049868908E-6,3.1422612811680676E-7
10000,InsertSort,Parallel,16,Sorted,5,2.409099,0.0036117237191165665,2.257327324447854E-4
10000,SelectionSort,Serial,1,Reverse,1,19.301499,0.0,0.0
10000,MergeSort,Serial,1,Reverse,1,0.2537,0.0,0.0
10000,BubbleSort,Serial,1,Reverse,1,58.538299,0.0,0.0
10000,InsertSort,Serial,1,Reverse,1,11.6464,0.0,0.0
10000,SelectionSort,Parallel,2,Reverse,1,6.640299,2.9067213690226903,1.4533606845113451
10000,MergeSort,Parallel,2,Reverse,1,0.5674,0.4471272470919985,0.22356362354599926
10000,BubbleSort,Parallel,2,Reverse,1,816.5668,0.0716883162528773,0.03584415812643865
10000,InsertSort,Parallel,2,Reverse,1,2.381601,4.8901558237504945,2.4450779118752473
10000,SelectionSort,Parallel,4,Reverse,1,2.0496,9.41720286885246,2.354300717213115
10000,MergeSort,Parallel,4,Reverse,1,0.626099,0.4052074831616086,0.10130187079040215
10000,BubbleSort,Parallel,4,Reverse,1,902.3705,0.06487168962194576,0.01621792240548644
10000,InsertSort,Parallel,4,Reverse,1,0.7936,14.675403225806452,3.668850806451613
10000,SelectionSort,Parallel,8,Reverse,1,1.4024,13.7631909583571,1.7203988697946375
10000,MergeSort,Parallel,8,Reverse,1,0.640999,0.3957884489679391,0.049473556120992385
10000,BubbleSort,Parallel,8,Reverse,1,897.069,0.0652550684506989,0.008156883556337362
10000,InsertSort,Parallel,8,Reverse,1,0.9443,12.33336863284973,1.5416710791062163
10000,SelectionSort,Parallel,16,Reverse,1,3.508,5.502137685290764,0.34388360533067275
10000,MergeSort,Parallel,16,Reverse,1,0.9557,0.26545987234487806,0.01659124202155488
10000,BubbleSort,Parallel,16,Reverse,1,927.014999,0.06314708938166815,0.003946693086354259
10000,InsertSort,Parallel,16,Reverse,1,1.5346,7.589208914375082,0.4743255571484426
10000,SelectionSort,Serial,1,Reverse,2,19.1027,0.0,0.0
10000,MergeSort,Serial,1,Reverse,2,0.2548,0.0,0.0
10000,BubbleSort,Serial,1,Reverse,2,57.679799,0.0,0.0
10000,InsertSort,Serial,1,Reverse,2,10.154899,0.0,0.0
10000,SelectionSort,Parallel,2,Reverse,2,5.7895,3.2995422748078416,1.6497711374039208
10000,MergeSort,Parallel,2,Reverse,2,0.564499,0.4513736959675749,0.22568684798378744
10000,BubbleSort,Parallel,2,Reverse,2,804.739999,0.07167507402598985,0.03583753701299493
10000,InsertSort,Parallel,2,Reverse,2,2.9174,3.4808044834441625,1.7404022417220812
10000,SelectionSort,Parallel,4,Reverse,2,2.2798,8.379112202824809,2.094778050706202
10000,MergeSort,Parallel,4,Reverse,2,0.4918,0.5180967873119154,0.12952419682797886
10000,BubbleSort,Parallel,4,Reverse,2,885.1801,0.06516165354372518,0.016290413385931294
10000,InsertSort,Parallel,4,Reverse,2,0.654901,15.506006251326538,3.8765015628316344
10000,SelectionSort,Parallel,8,Reverse,2,1.503401,12.706323861697577,1.588290482712197
10000,MergeSort,Parallel,8,Reverse,2,0.52,0.49000000000000005,0.061250000000000006
10000,BubbleSort,Parallel,8,Reverse,2,891.497399,0.06469990721756441,0.008087488402195551
10000,InsertSort,Parallel,8,Reverse,2,2.2238,4.566462361723176,0.570807795215397
10000,SelectionSort,Parallel,16,Reverse,2,4.1924,4.556507012689629,0.2847816882931018
10000,MergeSort,Parallel,16,Reverse,2,0.692499,0.3679427695924471,0.022996423099527943
10000,BubbleSort,Parallel,16,Reverse,2,960.0577,0.060079512929274985,0.0037549695580796866
10000,InsertSort,Parallel,16,Reverse,2,4.0986,2.4776506612013858,0.1548531663250866
10000,SelectionSort,Serial,1,Reverse,3,19.896,0.0,0.0
10000,MergeSort,Serial,1,Reverse,3,0.4831,0.0,0.0
10000,BubbleSort,Serial,1,Reverse,3,62.2013,0.0,0.0
10000,InsertSort,Serial,1,Reverse,3,9.461,0.0,0.0
10000,SelectionSort,Parallel,2,Reverse,3,7.341699,2.7099994156665916,1.3549997078332958
10000,MergeSort,Parallel,2,Reverse,3,0.599099,0.8063775769947871,0.40318878849739354
10000,BubbleSort,Parallel,2,Reverse,3,716.5621,0.08680517710886468,0.04340258855443234
10000,InsertSort,Parallel,2,Reverse,3,0.744,12.716397849462366,6.358198924731183
10000,SelectionSort,Parallel,4,Reverse,3,2.116299,9.401318055718969,2.350329513929742
10000,MergeSort,Parallel,4,Reverse,3,0.3567,1.354359405663022,0.3385898514157555
10000,BubbleSort,Parallel,4,Reverse,3,848.531001,0.07330468766220129,0.018326171915550322
10000,InsertSort,Parallel,4,Reverse,3,2.193,4.314181486548108,1.078545371637027
10000,SelectionSort,Parallel,8,Reverse,3,1.4159,14.051839819196273,1.756479977399534
10000,MergeSort,Parallel,8,Reverse,3,0.639,0.7560250391236306,0.09450312989045383
10000,BubbleSort,Parallel,8,Reverse,3,902.5903,0.06891421279399967,0.00861427659924996
10000,InsertSort,Parallel,8,Reverse,3,1.1372,8.319556806190644,1.0399446007738304
10000,SelectionSort,Parallel,16,Reverse,3,1.919599,10.36466470340941,0.6477915439630881
10000,MergeSort,Parallel,16,Reverse,3,0.914401,0.5283240066447871,0.03302025041529919
10000,BubbleSort,Parallel,16,Reverse,3,941.5823,0.0660603964199412,0.004128774776246325
10000,InsertSort,Parallel,16,Reverse,3,4.408299,2.146179285933191,0.13413620537082444
10000,SelectionSort,Serial,1,Reverse,4,18.7433,0.0,0.0
10000,MergeSort,Serial,1,Reverse,4,0.596901,0.0,0.0
10000,BubbleSort,Serial,1,Reverse,4,56.8911,0.0,0.0
10000,InsertSort,Serial,1,Reverse,4,9.4596,0.0,0.0
10000,SelectionSort,Parallel,2,Reverse,4,7.7704,2.41214094512509,1.206070472562545
10000,MergeSort,Parallel,2,Reverse,4,0.953,0.6263389296956978,0.3131694648478489
10000,BubbleSort,Parallel,2,Reverse,4,813.3313,0.0699482486411134,0.0349741243205567
10000,InsertSort,Parallel,2,Reverse,4,1.8277,5.175685287519833,2.5878426437599167
10000,SelectionSort,Parallel,4,Reverse,4,2.314,8.099956784788246,2.0249891961970614
10000,MergeSort,Parallel,4,Reverse,4,0.6267,0.9524509334609861,0.23811273336524652
10000,BubbleSort,Parallel,4,Reverse,4,885.534901,0.06424489868864017,0.016061224672160042
10000,InsertSort,Parallel,4,Reverse,4,1.6241,5.824518194692445,1.4561295486731112
10000,SelectionSort,Parallel,8,Reverse,4,2.0617,9.091186884609789,1.1363983605762236
10000,MergeSort,Parallel,8,Reverse,4,0.5178,1.1527636152954808,0.1440954519119351
10000,BubbleSort,Parallel,8,Reverse,4,905.7872,0.06280846097184858,0.007851057621481073
10000,InsertSort,Parallel,8,Reverse,4,2.890299,3.272879380299408,0.409109922537426
10000,SelectionSort,Parallel,16,Reverse,4,2.3408,8.007219753930281,0.5004512346206426
10000,MergeSort,Parallel,16,Reverse,4,0.673999,0.8856111062479322,0.05535069414049576
10000,BubbleSort,Parallel,16,Reverse,4,939.2178,0.06057285115337465,0.0037858031970859156
10000,InsertSort,Parallel,16,Reverse,4,1.5129,6.2526274043228245,0.39078921277017653
10000,SelectionSort,Serial,1,Reverse,5,18.5887,0.0,0.0
10000,MergeSort,Serial,1,Reverse,5,0.247099,0.0,0.0
10000,BubbleSort,Serial,1,Reverse,5,57.207401,0.0,0.0
10000,InsertSort,Serial,1,Reverse,5,9.724799,0.0,0.0
10000,SelectionSort,Parallel,2,Reverse,5,5.889199,3.1564054806095023,1.5782027403047512
10000,MergeSort,Parallel,2,Reverse,5,0.491401,0.5028459445544474,0.2514229722772237
10000,BubbleSort,Parallel,2,Reverse,5,768.059,0.0744830813778629,0.03724154068893145
10000,InsertSort,Parallel,2,Reverse,5,1.199599,8.10670815830957,4.053354079154785
10000,SelectionSort,Parallel,4,Reverse,5,3.0386,6.1175212268807995,1.5293803067201999
10000,MergeSort,Parallel,4,Reverse,5,0.480801,0.5139319593761245,0.12848298984403111
10000,BubbleSort,Parallel,4,Reverse,5,809.543399,0.07066625590507718,0.017666563976269294
10000,InsertSort,Parallel,4,Reverse,5,0.7615,12.770583059750495,3.1926457649376236
10000,SelectionSort,Parallel,8,Reverse,5,1.453601,12.788034680768657,1.5985043350960821
10000,MergeSort,Parallel,8,Reverse,5,0.527401,0.46852205437608196,0.058565256797010246
10000,BubbleSort,Parallel,8,Reverse,5,828.356001,0.06906137087307707,0.008632671359134633
10000,InsertSort,Parallel,8,Reverse,5,3.1966,3.0422320590627545,0.3802790073828443
10000,SelectionSort,Parallel,16,Reverse,5,3.9662,4.6867782764358825,0.29292364227724266
10000,MergeSort,Parallel,16,Reverse,5,0.6944,0.35584533410138247,0.022240333381336404
10000,BubbleSort,Parallel,16,Reverse,5,912.7913,0.06267303489855786,0.003917064681159866
10000,InsertSort,Parallel,16,Reverse,5,1.0951,8.880283992329469,0.5550177495205918
10000,SelectionSort,Serial,1,PartiallySorted,1,16.6207,0.0,0.0
10000,MergeSort,Serial,1,PartiallySorted,1,0.329,0.0,0.0
10000,BubbleSort,Serial,1,PartiallySorted,1,25.073,0.0,0.0
10000,InsertSort,Serial,1,PartiallySorted,1,2.4062,0.0,0.0
10000,SelectionSort,Parallel,2,PartiallySorted,1,4.856301,3.422502023659571,1.7112510118297855
10000,MergeSort,Parallel,2,PartiallySorted,1,0.6689,0.4918522948123785,0.24592614740618926
10000,BubbleSort,Parallel,2,PartiallySorted,1,495.9257,0.050557976729175357,0.025278988364587678
10000,InsertSort,Parallel,2,PartiallySorted,1,0.5753,4.182513471232401,2.0912567356162004
10000,SelectionSort,Parallel,4,PartiallySorted,1,1.8977,8.758339041998209,2.189584760499552
10000,MergeSort,Parallel,4,PartiallySorted,1,0.4529,0.7264296754250387,0.18160741885625967
10000,BubbleSort,Parallel,4,PartiallySorted,1,528.562301,0.04743622455207981,0.011859056138019953
10000,InsertSort,Parallel,4,PartiallySorted,1,0.5977,4.025765434164296,1.006441358541074
10000,SelectionSort,Parallel,8,PartiallySorted,1,1.6166,10.281269330694048,1.285158666336756
10000,MergeSort,Parallel,8,PartiallySorted,1,0.5522,0.5957986236870699,0.07447482796088374
10000,BubbleSort,Parallel,8,PartiallySorted,1,659.8119,0.03800022400323486,0.004750028000404358
10000,InsertSort,Parallel,8,PartiallySorted,1,1.038601,2.316770347804402,0.28959629347555027
10000,SelectionSort,Parallel,16,PartiallySorted,1,4.760001,3.4917429639195454,0.2182339352449716
10000,MergeSort,Parallel,16,PartiallySorted,1,0.6592,0.49908980582524276,0.031193112864077673
10000,BubbleSort,Parallel,16,PartiallySorted,1,708.971501,0.035365314352741525,0.0022103321470463453
10000,InsertSort,Parallel,16,PartiallySorted,1,2.6343,0.9134115324754204,0.057088220779713775
10000,SelectionSort,Serial,1,PartiallySorted,2,17.1129,0.0,0.0
10000,MergeSort,Serial,1,PartiallySorted,2,0.3505,0.0,0.0
10000,BubbleSort,Serial,1,PartiallySorted,2,25.6562,0.0,0.0
10000,InsertSort,Serial,1,PartiallySorted,2,2.424801,0.0,0.0
10000,SelectionSort,Parallel,2,PartiallySorted,2,5.9506,2.8758276476321716,1.4379138238160858
10000,MergeSort,Parallel,2,PartiallySorted,2,0.832001,0.4212735321231585,0.21063676606157924
10000,BubbleSort,Parallel,2,PartiallySorted,2,544.8357,0.04708979239062345,0.023544896195311724
10000,InsertSort,Parallel,2,PartiallySorted,2,0.6378,3.801820319849482,1.900910159924741
10000,SelectionSort,Parallel,4,PartiallySorted,2,1.7408,9.830480238970589,2.457620059742647
10000,MergeSort,Parallel,4,PartiallySorted,2,0.471399,0.7435314881872893,0.18588287204682233
10000,BubbleSort,Parallel,4,PartiallySorted,2,555.872099,0.046154861965827854,0.011538715491456963
10000,InsertSort,Parallel,4,PartiallySorted,2,0.6198,3.9122313649564373,0.9780578412391093
10000,SelectionSort,Parallel,8,PartiallySorted,2,1.5042,11.376745113681691,1.4220931392102114
10000,MergeSort,Parallel,8,PartiallySorted,2,0.5733,0.611372754229897,0.07642159427873713
10000,BubbleSort,Parallel,8,PartiallySorted,2,613.5649,0.041814973444537,0.005226871680567125
10000,InsertSort,Parallel,8,PartiallySorted,2,2.9242,0.8292185896997469,0.10365232371246837
10000,SelectionSort,Parallel,16,PartiallySorted,2,2.3738,7.209074058471648,0.450567128654478
10000,MergeSort,Parallel,16,PartiallySorted,2,0.880499,0.3980697309139476,0.024879358182121725
10000,BubbleSort,Parallel,16,PartiallySorted,2,700.6599,0.03661719473313657,0.0022885746708210357
10000,InsertSort,Parallel,16,PartiallySorted,2,1.4845,1.6334125968339508,0.10208828730212192
10000,SelectionSort,Serial,1,PartiallySorted,3,16.232899,0.0,0.0
10000,MergeSort,Serial,1,PartiallySorted,3,0.3419,0.0,0.0
10000,BubbleSort,Serial,1,PartiallySorted,3,27.029901,0.0,0.0
10000,InsertSort,Serial,1,PartiallySorted,3,2.4553,0.0,0.0
10000,SelectionSort,Parallel,2,PartiallySorted,3,5.027601,3.228756418816847,1.6143782094084236
10000,MergeSort,Parallel,2,PartiallySorted,3,0.601001,0.5688842447849504,0.2844421223924752
10000,BubbleSort,Parallel,2,PartiallySorted,3,499.8047,0.05408092600969938,0.02704046300484969
10000,InsertSort,Parallel,2,PartiallySorted,3,0.612801,4.0066840621996365,2.0033420310998182
10000,SelectionSort,Parallel,4,PartiallySorted,3,3.2452,5.002125909034882,1.2505314772587206
10000,MergeSort,Parallel,4,PartiallySorted,3,0.5415,0.6313942751615882,0.15784856879039705
10000,BubbleSort,Parallel,4,PartiallySorted,3,602.1071,0.04489218114185998,0.011223045285464995
10000,InsertSort,Parallel,4,PartiallySorted,3,0.5815,4.222355975924333,1.0555889939810832
10000,SelectionSort,Parallel,8,PartiallySorted,3,1.344499,12.073567180042527,1.509195897505316
10000,MergeSort,Parallel,8,PartiallySorted,3,0.509,0.6717092337917485,0.08396365422396856
10000,BubbleSort,Parallel,8,PartiallySorted,3,623.304701,0.04336546949932277,0.005420683687415346
10000,InsertSort,Parallel,8,PartiallySorted,3,0.999101,2.4575093008614743,0.3071886626076843
10000,SelectionSort,Parallel,16,PartiallySorted,3,2.0205,8.03409997525365,0.5021312484533531
10000,MergeSort,Parallel,16,PartiallySorted,3,0.8415,0.40629827688651216,0.02539364230540701
10000,BubbleSort,Parallel,16,PartiallySorted,3,692.0879,0.03905558961513415,0.002440974350945884
10000,InsertSort,Parallel,16,PartiallySorted,3,1.0946,2.2431025031975147,0.14019390644984467
10000,SelectionSort,Serial,1,PartiallySorted,4,17.044999,0.0,0.0
10000,MergeSort,Serial,1,PartiallySorted,4,0.3602,0.0,0.0
10000,BubbleSort,Serial,1,PartiallySorted,4,25.475199,0.0,0.0
10000,InsertSort,Serial,1,PartiallySorted,4,2.377599,0.0,0.0
10000,SelectionSort,Parallel,2,PartiallySorted,4,5.0509,3.374645904690253,1.6873229523451265
10000,MergeSort,Parallel,2,PartiallySorted,4,0.600399,0.5999343769726465,0.29996718848632326
10000,BubbleSort,Parallel,2,PartiallySorted,4,501.432501,0.05080484202598587,0.025402421012992935
10000,InsertSort,Parallel,2,PartiallySorted,4,2.050999,1.1592394730567883,0.5796197365283942
10000,SelectionSort,Parallel,4,PartiallySorted,4,2.6505,6.43086172420298,1.607715431050745
10000,MergeSort,Parallel,4,PartiallySorted,4,0.6397,0.5630764420822261,0.14076911052055652
10000,BubbleSort,Parallel,4,PartiallySorted,4,565.185,0.04507408901510125,0.011268522253775313
10000,InsertSort,Parallel,4,PartiallySorted,4,0.602201,3.948181753268427,0.9870454383171068
10000,SelectionSort,Parallel,8,PartiallySorted,4,2.282501,7.467685227739222,0.9334606534674027
10000,MergeSort,Parallel,8,PartiallySorted,4,0.6277,0.5738410068504063,0.07173012585630079
10000,BubbleSort,Parallel,8,PartiallySorted,4,676.929999,0.03763343187276887,0.004704178984096109
10000,InsertSort,Parallel,8,PartiallySorted,4,0.775499,3.06589563622906,0.3832369545286325
10000,SelectionSort,Parallel,16,PartiallySorted,4,1.7809,9.571002863720592,0.598187678982537
10000,MergeSort,Parallel,16,PartiallySorted,4,0.8145,0.4422344996930633,0.027639656230816455
10000,BubbleSort,Parallel,16,PartiallySorted,4,665.952201,0.03825379503475806,0.0023908621896723786
10000,InsertSort,Parallel,16,PartiallySorted,4,1.379101,1.7240209382779073,0.1077513086423692
10000,SelectionSort,Serial,1,PartiallySorted,5,17.229699,0.0,0.0
10000,MergeSort,Serial,1,PartiallySorted,5,0.331999,0.0,0.0
10000,BubbleSort,Serial,1,PartiallySorted,5,25.054601,0.0,0.0
10000,InsertSort,Serial,1,PartiallySorted,5,2.4325,0.0,0.0
10000,SelectionSort,Parallel,2,PartiallySorted,5,4.9462,3.48342141441915,1.741710707209575
10000,MergeSort,Parallel,2,PartiallySorted,5,0.6367,0.5214370975341605,0.2607185487670802
10000,BubbleSort,Parallel,2,PartiallySorted,5,536.315199,0.04671618676240425,0.023358093381202125
10000,InsertSort,Parallel,2,PartiallySorted,5,0.6325,3.845849802371542,1.922924901185771
10000,SelectionSort,Parallel,4,PartiallySorted,5,1.6423,10.491200755038665,2.6228001887596664
10000,MergeSort,Parallel,4,PartiallySorted,5,0.461999,0.7186141095543497,0.17965352738858742
10000,BubbleSort,Parallel,4,PartiallySorted,5,544.4745,0.04601611462061125,0.011504028655152812
10000,InsertSort,Parallel,4,PartiallySorted,5,0.6052,4.019332452081957,1.0048331130204893
10000,SelectionSort,Parallel,8,PartiallySorted,5,1.9398,8.882203835446953,1.1102754794308691
10000,MergeSort,Parallel,8,PartiallySorted,5,0.549101,0.6046228289513222,0.07557785361891528
10000,BubbleSort,Parallel,8,PartiallySorted,5,615.1682,0.04072804966186484,0.005091006207733105
10000,InsertSort,Parallel,8,PartiallySorted,5,0.844,2.8821090047393367,0.3602636255924171
10000,SelectionSort,Parallel,16,PartiallySorted,5,1.694501,10.16800757273085,0.6355004732956782
10000,MergeSort,Parallel,16,PartiallySorted,5,0.6266,0.5298420044685604,0.03311512527928503
10000,BubbleSort,Parallel,16,PartiallySorted,5,678.5123,0.03692578749125108,0.0023078617182031927
10000,InsertSort,Parallel,16,PartiallySorted,5,1.4064,1.729593287827076,0.10809958048919226
100000,SelectionSort,Serial,1,Random,1,1606.0602,0.0,0.0
100000,MergeSort,Serial,1,Random,1,8.8507,0.0,0.0
100000,BubbleSort,Serial,1,Random,1,11219.602,0.0,0.0
100000,InsertSort,Serial,1,Random,1,496.3082,0.0,0.0
100000,SelectionSort,Parallel,2,Random,1,431.334201,3.723470562446774,1.861735281223387
100000,MergeSort,Parallel,2,Random,1,4.7162,1.8766591747593402,0.9383295873796701
100000,BubbleSort,Parallel,2,Random,1,29465.024801,0.3807769406533547,0.19038847032667736
100000,InsertSort,Parallel,2,Random,1,4.923,100.81417834653666,50.40708917326833
100000,SelectionSort,Parallel,4,Random,1,120.2491,13.35610994177919,3.3390274854447974
100000,MergeSort,Parallel,4,Random,1,6.7345,1.3142326824560102,0.32855817061400255
100000,BubbleSort,Parallel,4,Random,1,28438.9341,0.3945155595687393,0.09862888989218482
100000,InsertSort,Parallel,4,Random,1,3.9146,126.78388596536044,31.69597149134011
100000,SelectionSort,Parallel,8,Random,1,53.928299,29.7813991870947,3.7226748983868374
100000,MergeSort,Parallel,8,Random,1,4.3035,2.056628325781341,0.2570785407226676
100000,BubbleSort,Parallel,8,Random,1,28275.1618,0.3968006294485643,0.04960007868107054
100000,InsertSort,Parallel,8,Random,1,3.3413,148.53745548139946,18.567181935174933
100000,SelectionSort,Parallel,16,Random,1,23.022299,69.76106947442564,4.3600668421516025
100000,MergeSort,Parallel,16,Random,1,3.364401,2.6306911690966683,0.16441819806854177
100000,BubbleSort,Parallel,16,Random,1,29556.7134,0.3795957232511515,0.023724732703196968
100000,InsertSort,Parallel,16,Random,1,3.785299,131.11466227634858,8.194666392271786
100000,SelectionSort,Serial,1,Random,2,1645.854,0.0,0.0
100000,MergeSort,Serial,1,Random,2,9.1522,0.0,0.0
100000,BubbleSort,Serial,1,Random,2,11357.189,0.0,0.0
100000,InsertSort,Serial,1,Random,2,503.9718,0.0,0.0
100000,SelectionSort,Parallel,2,Random,2,488.342099,3.3702889907920883,1.6851444953960442
100000,MergeSort,Parallel,2,Random,2,4.7603,1.922609919542886,0.961304959771443
100000,BubbleSort,Parallel,2,Random,2,28102.6652,0.40413209633938924,0.20206604816969462
100000,InsertSort,Parallel,2,Random,2,4.8701,103.48284429477833,51.741422147389166
100000,SelectionSort,Parallel,4,Random,2,125.481401,13.116318329917275,3.279079582479319
100000,MergeSort,Parallel,4,Random,2,3.6443,2.51137392640562,0.627843481601405
100000,BubbleSort,Parallel,4,Random,2,28698.750901,0.39573809463617676,0.09893452365904419
100000,InsertSort,Parallel,4,Random,2,3.961499,127.21744975828594,31.804362439571484
100000,SelectionSort,Parallel,8,Random,2,51.5059,31.954669270899064,3.994333658862383
100000,MergeSort,Parallel,8,Random,2,3.694901,2.4769811153262293,0.30962263941577867
100000,BubbleSort,Parallel,8,Random,2,28013.2995,0.4054213249674498,0.05067766562093123
100000,InsertSort,Parallel,8,Random,2,3.3422,150.79043743641913,18.84880467955239
100000,SelectionSort,Parallel,16,Random,2,22.2675,73.91283260357024,4.61955203772314
100000,MergeSort,Parallel,16,Random,2,3.6981,2.4748384305454154,0.15467740190908846
100000,BubbleSort,Parallel,16,Random,2,31327.064099,0.36253601563520077,0.022658500977200048
100000,InsertSort,Parallel,16,Random,2,3.6718,137.2546979682989,8.578418623018681
100000,SelectionSort,Serial,1,Random,3,1722.9671,0.0,0.0
100000,MergeSort,Serial,1,Random,3,9.2251,0.0,0.0
100000,BubbleSort,Serial,1,Random,3,11364.5754,0.0,0.0
100000,InsertSort,Serial,1,Random,3,500.5201,0.0,0.0
100000,SelectionSort,Parallel,2,Random,3,430.617299,4.001156256381609,2.0005781281908046
100000,MergeSort,Parallel,2,Random,3,5.149001,1.7916290946535065,0.8958145473267533
100000,BubbleSort,Parallel,2,Random,3,28099.532601,0.40444001547540187,0.20222000773770094
100000,InsertSort,Parallel,2,Random,3,4.8431,103.34705044289815,51.673525221449076
100000,SelectionSort,Parallel,4,Random,3,126.7243,13.596185577667425,3.3990463944168563
100000,MergeSort,Parallel,4,Random,3,4.1563,2.2195462310227847,0.5548865577556962
100000,BubbleSort,Parallel,4,Random,3,28449.6731,0.39946242475453964,0.09986560618863491
100000,InsertSort,Parallel,4,Random,3,3.8487,130.04913347364047,32.51228336841012
100000,SelectionSort,Parallel,8,Random,3,54.7802,31.4523696518085,3.9315462064760625
100000,MergeSort,Parallel,8,Random,3,3.847999,2.39737588289394,0.2996719853617425
100000,BubbleSort,Parallel,8,Random,3,28762.798999,0.3951136814047588,0.04938921017559485
100000,InsertSort,Parallel,8,Random,3,3.4534,144.9354549139978,18.116931864249725
100000,SelectionSort,Parallel,16,Random,3,24.564299,70.1411060010302,4.383819125064387
100000,MergeSort,Parallel,16,Random,3,3.534201,2.610236373086873,0.16313977331792956
100000,BubbleSort,Parallel,16,Random,3,29505.9777,0.3851617972313454,0.02407261232695909
100000,InsertSort,Parallel,16,Random,3,3.293199,151.98598687780483,9.499124179862802
100000,SelectionSort,Serial,1,Random,4,1690.697,0.0,0.0
100000,MergeSort,Serial,1,Random,4,9.4398,0.0,0.0
100000,BubbleSort,Serial,1,Random,4,11480.9533,0.0,0.0
100000,InsertSort,Serial,1,Random,4,527.9345,0.0,0.0
100000,SelectionSort,Parallel,2,Random,4,441.5686,3.8288433552566916,1.9144216776283458
100000,MergeSort,Parallel,2,Random,4,4.976999,1.896685130939347,0.9483425654696735
100000,BubbleSort,Parallel,2,Random,4,27914.8933,0.41128415489949227,0.20564207744974614
100000,InsertSort,Parallel,2,Random,4,4.519301,116.81773353888134,58.40886676944067
100000,SelectionSort,Parallel,4,Random,4,146.8523,11.512907867292508,2.878226966823127
100000,MergeSort,Parallel,4,Random,4,3.8127,2.475883232355024,0.618970808088756
100000,BubbleSort,Parallel,4,Random,4,28625.091499,0.40108005595025187,0.10027001398756297
100000,InsertSort,Parallel,4,Random,4,3.4408,153.43364915136013,38.35841228784003
100000,SelectionSort,Parallel,8,Random,4,47.070899,35.91809453225017,4.489761816531272
100000,MergeSort,Parallel,8,Random,4,3.545699,2.66232412847227,0.33279051605903376
100000,BubbleSort,Parallel,8,Random,4,28237.2836,0.40658844748083345,0.05082355593510418
100000,InsertSort,Parallel,8,Random,4,3.2478,162.55141942237822,20.318927427797277
100000,SelectionSort,Parallel,16,Random,4,19.4213,87.05375026388553,5.440859391492846
100000,MergeSort,Parallel,16,Random,4,3.3275,2.8369045830202855,0.17730653643876784
100000,BubbleSort,Parallel,16,Random,4,29403.077301,0.3904677453475093,0.02440423408421933
100000,InsertSort,Parallel,16,Random,4,3.1974,165.11368611997247,10.31960538249828
100000,SelectionSort,Serial,1,Random,5,1650.8405,0.0,0.0
100000,MergeSort,Serial,1,Random,5,9.066701,0.0,0.0
100000,BubbleSort,Serial,1,Random,5,11407.9969,0.0,0.0
100000,InsertSort,Serial,1,Random,5,499.5533,0.0,0.0
100000,SelectionSort,Parallel,2,Random,5,479.051101,3.44606347121202,1.72303173560601
100000,MergeSort,Parallel,2,Random,5,6.527699,1.3889581918529026,0.6944790959264513
100000,BubbleSort,Parallel,2,Random,5,28173.3715,0.4049212533899253,0.20246062669496265
100000,InsertSort,Parallel,2,Random,5,4.911899,101.70268159015484,50.85134079507742
100000,SelectionSort,Parallel,4,Random,5,122.642501,13.460590631627776,3.365147657906944
100000,MergeSort,Parallel,4,Random,5,3.761399,2.410459778396283,0.6026149445990707
100000,BubbleSort,Parallel,4,Random,5,28446.600999,0.4010319862257369,0.10025799655643422
100000,InsertSort,Parallel,4,Random,5,3.61,138.38041551246536,34.59510387811634
100000,SelectionSort,Parallel,8,Random,5,49.6255,33.26597213126316,4.158246516407895
100000,MergeSort,Parallel,8,Random,5,3.200199,2.8331678748727813,0.35414598435909767
100000,BubbleSort,Parallel,8,Random,5,28568.975899,0.3993141700399318,0.049914271254991475
100000,InsertSort,Parallel,8,Random,5,3.1679,157.69225670002209,19.71153208750276
100000,SelectionSort,Parallel,16,Random,5,21.8454,75.56925027694618,4.723078142309136
100000,MergeSort,Parallel,16,Random,5,3.6571,2.479205107872358,0.15495031924202238
100000,BubbleSort,Parallel,16,Random,5,30761.6726,0.3708509952739046,0.023178187204619036
100000,InsertSort,Parallel,16,Random,5,3.5345,141.33634177394256,8.83352136087141
100000,SelectionSort,Serial,1,Sorted,1,1648.229401,0.0,0.0
100000,MergeSort,Serial,1,Sorted,1,2.0841,0.0,0.0
100000,BubbleSort,Serial,1,Sorted,1,0.0326,0.0,0.0
100000,InsertSort,Serial,1,Sorted,1,0.063999,0.0,0.0
100000,SelectionSort,Parallel,2,Sorted,1,412.880099,3.992029175036601,1.9960145875183004
100000,MergeSort,Parallel,2,Sorted,1,2.006901,1.0384667704087047,0.5192333852043524
100000,BubbleSort,Parallel,2,Sorted,1,5145.6248,6.3354794154443595E-6,3.1677397077221798E-6
100000,InsertSort,Parallel,2,Sorted,1,1.2622,0.05070432578038346,0.02535216289019173
100000,SelectionSort,Parallel,4,Sorted,1,113.729599,14.492528026938706,3.6231320067346764
100000,MergeSort,Parallel,4,Sorted,1,1.9213,1.0847342944881069,0.2711835736220267
100000,BubbleSort,Parallel,4,Sorted,1,5465.109,5.965114328003338E-6,1.4912785820008346E-6
100000,InsertSort,Parallel,4,Sorted,1,1.2777,0.05008922282225874,0.012522305705564686
100000,SelectionSort,Parallel,8,Sorted,1,43.2234,38.132803088142076,4.7666003860177595
100000,MergeSort,Parallel,8,Sorted,1,1.1963,1.7421215414193765,0.21776519267742206
100000,BubbleSort,Parallel,8,Sorted,1,6363.940701,5.1226121567847704E-6,6.403265195980963E-7
100000,InsertSort,Parallel,8,Sorted,1,1.3166,0.04860929667324928,0.00607616208415616
100000,SelectionSort,Parallel,16,Sorted,1,22.3994,73.58364067787531,4.598977542367207
100000,MergeSort,Parallel,16,Sorted,1,1.49,1.398724832214765,0.08742030201342281
100000,BubbleSort,Parallel,16,Sorted,1,6587.532901,4.948741887126098E-6,3.0929636794538115E-7
100000,InsertSort,Parallel,16,Sorted,1,1.5605,0.04101185517462352,0.00256324094841397
100000,SelectionSort,Serial,1,Sorted,2,1633.6342,0.0,0.0
100000,MergeSort,Serial,1,Sorted,2,2.455,0.0,0.0
100000,BubbleSort,Serial,1,Sorted,2,0.0361,0.0,0.0
100000,InsertSort,Serial,1,Sorted,2,0.068099,0.0,0.0
100000,SelectionSort,Parallel,2,Sorted,2,427.2948,3.8232016865171303,1.9116008432585652
100000,MergeSort,Parallel,2,Sorted,2,1.370599,1.7911876486120304,0.8955938243060152
100000,BubbleSort,Parallel,2,Sorted,2,5107.534799,7.067989043768823E-6,3.5339945218844115E-6
100000,InsertSort,Parallel,2,Sorted,2,1.4026,0.048551974903750184,0.024275987451875092
100000,SelectionSort,Parallel,4,Sorted,2,122.069501,13.38282033282007,3.3457050832050177
100000,MergeSort,Parallel,4,Sorted,2,1.694199,1.4490623592624008,0.3622655898156002
100000,BubbleSort,Parallel,4,Sorted,2,5452.0719,6.62133600989378E-6,1.655334002473445E-6
100000,InsertSort,Parallel,4,Sorted,2,1.2506,0.054453062529985614,0.013613265632496404
100000,SelectionSort,Parallel,8,Sorted,2,48.416701,33.741129946048986,4.217641243256123
100000,MergeSort,Parallel,8,Sorted,2,1.1945,2.0552532440351614,0.2569066555043952
100000,BubbleSort,Parallel,8,Sorted,2,6629.845899,5.4450737694288E-6,6.806342211786E-7
100000,InsertSort,Parallel,8,Sorted,2,1.8365,0.037080860332153555,0.004635107541519194
100000,SelectionSort,Parallel,16,Sorted,2,20.7432,78.75516795865633,4.922197997416021
100000,MergeSort,Parallel,16,Sorted,2,1.582001,1.5518321416990255,0.0969895088561891
100000,BubbleSort,Parallel,16,Sorted,2,6669.9752,5.412313976819584E-6,3.38269623551224E-7
100000,InsertSort,Parallel,16,Sorted,2,1.616299,0.0421326747093205,0.0026332921693325313
100000,SelectionSort,Serial,1,Sorted,3,1677.1893,0.0,0.0
100000,MergeSort,Serial,1,Sorted,3,2.239201,0.0,0.0
100000,BubbleSort,Serial,1,Sorted,3,0.0736,0.0,0.0
100000,InsertSort,Serial,1,Sorted,3,0.1033,0.0,0.0
100000,SelectionSort,Parallel,2,Sorted,3,418.8716,4.004065446308606,2.002032723154303
100000,MergeSort,Parallel,2,Sorted,3,1.2762,1.7545847045917569,0.8772923522958784
100000,BubbleSort,Parallel,2,Sorted,3,5138.856701,1.4322251870864146E-5,7.161125935432073E-6
100000,InsertSort,Parallel,2,Sorted,3,1.3824,0.07472511574074074,0.03736255787037037
100000,SelectionSort,Parallel,4,Sorted,3,128.698399,13.031936007222592,3.257984001805648
100000,MergeSort,Parallel,4,Sorted,3,1.4373,1.5579217978153481,0.38948044945383703
100000,BubbleSort,Parallel,4,Sorted,3,5465.0959,1.3467284261196587E-5,3.366821065299147E-6
100000,InsertSort,Parallel,4,Sorted,3,1.1953,0.08642181879026185,0.021605454697565463
100000,SelectionSort,Parallel,8,Sorted,3,45.853601,36.57704658790048,4.57213082348756
100000,MergeSort,Parallel,8,Sorted,3,1.292,1.7331277089783281,0.21664096362229102
100000,BubbleSort,Parallel,8,Sorted,3,6353.130799,1.1584839401006012E-5,1.4481049251257515E-6
100000,InsertSort,Parallel,8,Sorted,3,1.336801,0.07727402956760207,0.009659253695950259
100000,SelectionSort,Parallel,16,Sorted,3,20.468501,81.94001602755375,5.12125100172211
100000,MergeSort,Parallel,16,Sorted,3,1.1905,1.8808912221755567,0.1175557013859723
100000,BubbleSort,Parallel,16,Sorted,3,6743.729801,1.091384177181686E-5,6.821151107385537E-7
100000,InsertSort,Parallel,16,Sorted,3,1.7002,0.06075755793436067,0.003797347370897542
100000,SelectionSort,Serial,1,Sorted,4,1695.769301,0.0,0.0
100000,MergeSort,Serial,1,Sorted,4,2.221801,0.0,0.0
100000,BubbleSort,Serial,1,Sorted,4,0.0343,0.0,0.0
100000,InsertSort,Serial,1,Sorted,4,0.0676,0.0,0.0
100000,SelectionSort,Parallel,2,Sorted,4,464.9219,3.6474283121530737,1.8237141560765369
100000,MergeSort,Parallel,2,Sorted,4,1.517899,1.4637344118416311,0.7318672059208156
100000,BubbleSort,Parallel,2,Sorted,4,5283.1044,6.49239488812676E-6,3.24619744406338E-6
100000,InsertSort,Parallel,2,Sorted,4,1.4093,0.04796707585326048,0.02398353792663024
100000,SelectionSort,Parallel,4,Sorted,4,122.3204,13.863340056114923,3.465835014028731
100000,MergeSort,Parallel,4,Sorted,4,1.2556,1.769513380057343,0.44237834501433576
100000,BubbleSort,Parallel,4,Sorted,4,5662.997699,6.056862782419435E-6,1.5142156956048587E-6
100000,InsertSort,Parallel,4,Sorted,4,1.2739,0.05306538974801789,0.013266347437004472
100000,SelectionSort,Parallel,8,Sorted,4,59.853801,28.33185650147766,3.5414820626847074
100000,MergeSort,Parallel,8,Sorted,4,1.9466,1.1413752183293948,0.14267190229117435
100000,BubbleSort,Parallel,8,Sorted,4,6924.686699,4.95329268903289E-6,6.191615861291112E-7
100000,InsertSort,Parallel,8,Sorted,4,1.315799,0.05137562804045299,0.0064219535050566235
100000,SelectionSort,Parallel,16,Sorted,4,18.8791,89.82257104417053,5.613910690260658
100000,MergeSort,Parallel,16,Sorted,4,1.3148,1.6898395193185276,0.10561496995740798
100000,BubbleSort,Parallel,16,Sorted,4,6702.7488,5.117303515835174E-6,3.1983146973969837E-7
100000,InsertSort,Parallel,16,Sorted,4,1.6659,0.04057866618644576,0.00253616663665286
100000,SelectionSort,Serial,1,Sorted,5,1646.6476,0.0,0.0
100000,MergeSort,Serial,1,Sorted,5,2.3218,0.0,0.0
100000,BubbleSort,Serial,1,Sorted,5,0.0346,0.0,0.0
100000,InsertSort,Serial,1,Sorted,5,0.0679,0.0,0.0
100000,SelectionSort,Parallel,2,Sorted,5,421.973999,3.902248962974612,1.951124481487306
100000,MergeSort,Parallel,2,Sorted,5,1.798,1.2913236929922136,0.6456618464961068
100000,BubbleSort,Parallel,2,Sorted,5,5249.6916,6.590863356620796E-6,3.295431678310398E-6
100000,InsertSort,Parallel,2,Sorted,5,1.5483,0.04385455015177937,0.021927275075889686
100000,SelectionSort,Parallel,4,Sorted,5,122.3003,13.463970243736116,3.365992560934029
100000,MergeSort,Parallel,4,Sorted,5,1.1699,1.9846140695785965,0.49615351739464914
100000,BubbleSort,Parallel,4,Sorted,5,5489.9654,6.302407661804207E-6,1.5756019154510517E-6
100000,InsertSort,Parallel,4,Sorted,5,1.3366,0.05080053868023343,0.012700134670058358
100000,SelectionSort,Parallel,8,Sorted,5,46.9543,35.06915447573491,4.383644309466864
100000,MergeSort,Parallel,8,Sorted,5,1.508101,1.5395520591790604,0.19244400739738254
100000,BubbleSort,Parallel,8,Sorted,5,6618.3646,5.227877593809202E-6,6.534846992261502E-7
100000,InsertSort,Parallel,8,Sorted,5,1.3141,0.05167034472262385,0.006458793090327981
100000,SelectionSort,Parallel,16,Sorted,5,17.427301,94.48666778636577,5.905416736647861
100000,MergeSort,Parallel,16,Sorted,5,1.418801,1.6364521874455968,0.1022782617153498
100000,BubbleSort,Parallel,16,Sorted,5,6785.0835,5.099421399898763E-6,3.187138374936727E-7
100000,InsertSort,Parallel,16,Sorted,5,1.7199,0.03947903947903948,0.0024674399674399676
100000,SelectionSort,Serial,1,Reverse,1,2846.661301,0.0,0.0
100000,MergeSort,Serial,1,Reverse,1,2.7251,0.0,0.0
100000,BubbleSort,Serial,1,Reverse,1,5480.270799,0.0,0.0
100000,InsertSort,Serial,1,Reverse,1,1044.147401,0.0,0.0
100000,SelectionSort,Parallel,2,Reverse,1,779.0654,3.653943944885757,1.8269719724428786
100000,MergeSort,Parallel,2,Reverse,1,1.7543,1.5533831157726727,0.7766915578863364
100000,BubbleSort,Parallel,2,Reverse,1,43164.571199,0.12696224349674445,0.06348112174837223
100000,InsertSort,Parallel,2,Reverse,1,2.7531,379.26243180414804,189.63121590207402
100000,SelectionSort,Parallel,4,Reverse,1,218.0703,13.053869788779123,3.2634674471947807
100000,MergeSort,Parallel,4,Reverse,1,1.4525,1.876144578313253,0.4690361445783133
100000,BubbleSort,Parallel,4,Reverse,1,42947.1221,0.12760507645284105,0.031901269113210264
100000,InsertSort,Parallel,4,Reverse,1,2.408,433.61603031561464,108.40400757890366
100000,SelectionSort,Parallel,8,Reverse,1,65.642101,43.3663953108387,5.420799413854837
100000,MergeSort,Parallel,8,Reverse,1,2.0336,1.340037372147915,0.16750467151848938
100000,BubbleSort,Parallel,8,Reverse,1,43838.8211,0.1250095386118857,0.015626192326485714
100000,InsertSort,Parallel,8,Reverse,1,2.137299,488.53595168481337,61.06699396060167
100000,SelectionSort,Parallel,16,Reverse,1,25.3106,112.46913550054127,7.029320968783829
100000,MergeSort,Parallel,16,Reverse,1,1.5855,1.7187637969094922,0.10742273730684326
100000,BubbleSort,Parallel,16,Reverse,1,43991.845899,0.1245746953101728,0.0077859184568858
100000,InsertSort,Parallel,16,Reverse,1,2.2914,455.6809814960286,28.480061343501788
100000,SelectionSort,Serial,1,Reverse,2,2804.8471,0.0,0.0
100000,MergeSort,Serial,1,Reverse,2,2.7186,0.0,0.0
100000,BubbleSort,Serial,1,Reverse,2,5586.8812,0.0,0.0
100000,InsertSort,Serial,1,Reverse,2,1013.4571,0.0,0.0
100000,SelectionSort,Parallel,2,Reverse,2,788.345399,3.557891126856186,1.778945563428093
100000,MergeSort,Parallel,2,Reverse,2,2.137,1.2721572297613477,0.6360786148806739
100000,BubbleSort,Parallel,2,Reverse,2,42774.630301,0.13061202775303443,0.06530601387651722
100000,InsertSort,Parallel,2,Reverse,2,2.846201,356.0736223478243,178.03681117391216
100000,SelectionSort,Parallel,4,Reverse,2,189.8831,14.77144148162738,3.692860370406845
100000,MergeSort,Parallel,4,Reverse,2,1.7881,1.5203847659526872,0.3800961914881718
100000,BubbleSort,Parallel,4,Reverse,2,42827.4464,0.13045095305985835,0.03261273826496459
100000,InsertSort,Parallel,4,Reverse,2,2.1483,471.74840571614766,117.93710142903691
100000,SelectionSort,Parallel,8,Reverse,2,67.364901,41.636624686793496,5.204578085849187
100000,MergeSort,Parallel,8,Reverse,2,1.8892,1.4390218081727715,0.17987772602159643
100000,BubbleSort,Parallel,8,Reverse,2,44155.3448,0.12652785807257472,0.01581598225907184
100000,InsertSort,Parallel,8,Reverse,2,2.2454,451.3481339627683,56.41851674534604
100000,SelectionSort,Parallel,16,Reverse,2,29.1269,96.29748102269723,6.018592563918577
100000,MergeSort,Parallel,16,Reverse,2,2.135301,1.2731694501149955,0.07957309063218722
100000,BubbleSort,Parallel,16,Reverse,2,43863.2481,0.1273704397645828,0.007960652485286424
100000,InsertSort,Parallel,16,Reverse,2,2.112,479.8565814393939,29.99103633996212
100000,SelectionSort,Serial,1,Reverse,3,2888.5543,0.0,0.0
100000,MergeSort,Serial,1,Reverse,3,2.7807,0.0,0.0
100000,BubbleSort,Serial,1,Reverse,3,5648.0211,0.0,0.0
100000,InsertSort,Serial,1,Reverse,3,1014.8911,0.0,0.0
100000,SelectionSort,Parallel,2,Reverse,3,778.3235,3.7112515554265033,1.8556257777132517
100000,MergeSort,Parallel,2,Reverse,3,1.536899,1.809292608037353,0.9046463040186765
100000,BubbleSort,Parallel,2,Reverse,3,42516.856201,0.13284192681836052,0.06642096340918026
100000,InsertSort,Parallel,2,Reverse,3,3.308,306.7990024183797,153.39950120918985
100000,SelectionSort,Parallel,4,Reverse,3,196.7534,14.68108962793019,3.6702724069825474
100000,MergeSort,Parallel,4,Reverse,3,1.380099,2.014855456021633,0.5037138640054083
100000,BubbleSort,Parallel,4,Reverse,3,43085.2609,0.13108940231576965,0.032772350578942414
100000,InsertSort,Parallel,4,Reverse,3,2.4013,422.6423603881231,105.66059009703078
100000,SelectionSort,Parallel,8,Reverse,3,70.931901,40.72292239848471,5.090365299810589
100000,MergeSort,Parallel,8,Reverse,3,1.8098,1.536468118024091,0.19205851475301136
100000,BubbleSort,Parallel,8,Reverse,3,43921.7664,0.1285927585098217,0.01607409481372771
100000,InsertSort,Parallel,8,Reverse,3,2.102401,482.7295553988036,60.34119442485045
100000,SelectionSort,Parallel,16,Reverse,3,29.607701,97.56091160201868,6.097556975126167
100000,MergeSort,Parallel,16,Reverse,3,1.844,1.5079718004338394,0.09424823752711496
100000,BubbleSort,Parallel,16,Reverse,3,43907.0831,0.12863576218753642,0.008039735136721026
100000,InsertSort,Parallel,16,Reverse,3,2.380599,426.31753604870033,26.64484600304377
100000,SelectionSort,Serial,1,Reverse,4,2794.953501,0.0,0.0
100000,MergeSort,Serial,1,Reverse,4,3.0045,0.0,0.0
100000,BubbleSort,Serial,1,Reverse,4,5755.57,0.0,0.0
100000,InsertSort,Serial,1,Reverse,4,1079.5923,0.0,0.0
100000,SelectionSort,Parallel,2,Reverse,4,781.6379,3.5757650710130613,1.7878825355065306
100000,MergeSort,Parallel,2,Reverse,4,1.980901,1.5167340518279309,0.7583670259139654
100000,BubbleSort,Parallel,2,Reverse,4,42441.164301,0.13561291483854007,0.06780645741927004
100000,InsertSort,Parallel,2,Reverse,4,2.732399,395.1078521109106,197.5539260554553
100000,SelectionSort,Parallel,4,Reverse,4,210.4132,13.283166174935793,3.3207915437339484
100000,MergeSort,Parallel,4,Reverse,4,1.4084,2.13327179778472,0.53331794944618
100000,BubbleSort,Parallel,4,Reverse,4,42436.939199,0.13562641671705733,0.03390660417926433
100000,InsertSort,Parallel,4,Reverse,4,2.859,377.61185729275974,94.40296432318993
100000,SelectionSort,Parallel,8,Reverse,4,72.08,38.77571449778024,4.84696431222253
100000,MergeSort,Parallel,8,Reverse,4,2.3735,1.2658521171266064,0.1582315146408258
100000,BubbleSort,Parallel,8,Reverse,4,43850.768001,0.13125357348060007,0.01640669668507501
100000,InsertSort,Parallel,8,Reverse,4,2.272999,474.9638253250441,59.370478165630516
100000,SelectionSort,Parallel,16,Reverse,4,25.072301,111.47574771856799,6.967234232410499
100000,MergeSort,Parallel,16,Reverse,4,1.9454,1.5444124601624345,0.09652577876015216
100000,BubbleSort,Parallel,16,Reverse,4,43942.009499,0.13098103763622782,0.008186314852264238
100000,InsertSort,Parallel,16,Reverse,4,2.357401,457.95870112891276,28.622418820557048
100000,SelectionSort,Serial,1,Reverse,5,2797.393799,0.0,0.0
100000,MergeSort,Serial,1,Reverse,5,2.7638,0.0,0.0
100000,BubbleSort,Serial,1,Reverse,5,5683.533799,0.0,0.0
100000,InsertSort,Serial,1,Reverse,5,1011.9042,0.0,0.0
100000,SelectionSort,Parallel,2,Reverse,5,759.2882,3.6842318884976746,1.8421159442488373
100000,MergeSort,Parallel,2,Reverse,5,2.3056,1.1987335183900067,0.5993667591950034
100000,BubbleSort,Parallel,2,Reverse,5,42344.048999,0.13422272865625634,0.06711136432812817
100000,InsertSort,Parallel,2,Reverse,5,2.8392,356.40469146238377,178.20234573119188
100000,SelectionSort,Parallel,4,Reverse,5,215.694699,12.96922832118373,3.2423070802959324
100000,MergeSort,Parallel,4,Reverse,5,1.623499,1.7023724683538455,0.42559311708846137
100000,BubbleSort,Parallel,4,Reverse,5,42718.2224,0.1330470576650212,0.0332617644162553
100000,InsertSort,Parallel,4,Reverse,5,2.5666,394.2586300942881,98.56465752357202
100000,SelectionSort,Parallel,8,Reverse,5,65.749099,42.5464963253717,5.318312040671462
100000,MergeSort,Parallel,8,Reverse,5,1.7948,1.5398930242924003,0.19248662803655003
100000,BubbleSort,Parallel,8,Reverse,5,43636.140899,0.13024831439964135,0.01628103929995517
100000,InsertSort,Parallel,8,Reverse,5,2.1444,471.88220481253495,58.98527560156687
100000,SelectionSort,Parallel,16,Reverse,5,26.3443,106.18592253352718,6.6366201583454485
100000,MergeSort,Parallel,16,Reverse,5,1.6867,1.6385842177032073,0.10241151360645045
100000,BubbleSort,Parallel,16,Reverse,5,44172.3817,0.12866713498946333,0.008041695936841458
100000,InsertSort,Parallel,16,Reverse,5,3.6173,279.74019296160117,17.483762060100073
100000,SelectionSort,Serial,1,PartiallySorted,1,1651.8434,0.0,0.0
100000,MergeSort,Serial,1,PartiallySorted,1,4.471101,0.0,0.0
100000,BubbleSort,Serial,1,PartiallySorted,1,6099.7129,0.0,0.0
100000,InsertSort,Serial,1,PartiallySorted,1,247.322,0.0,0.0
100000,SelectionSort,Parallel,2,PartiallySorted,1,441.302201,3.743111627943138,1.871555813971569
100000,MergeSort,Parallel,2,PartiallySorted,1,3.8795,1.1524941358422476,0.5762470679211238
100000,BubbleSort,Parallel,2,PartiallySorted,1,20870.6965,0.29226206705655466,0.14613103352827733
100000,InsertSort,Parallel,2,PartiallySorted,1,2.5376,97.46295712484238,48.73147856242119
100000,SelectionSort,Parallel,4,PartiallySorted,1,119.3483,13.840527263480084,3.460131815870021
100000,MergeSort,Parallel,4,PartiallySorted,1,3.360499,1.3304872282360447,0.3326218070590112
100000,BubbleSort,Parallel,4,PartiallySorted,1,20963.747401,0.2909648157518362,0.07274120393795905
100000,InsertSort,Parallel,4,PartiallySorted,1,2.0436,121.02270503033861,30.255676257584653
100000,SelectionSort,Parallel,8,PartiallySorted,1,51.348999,32.16895036259616,4.02111879532452
100000,MergeSort,Parallel,8,PartiallySorted,1,2.896901,1.543408283541619,0.19292603544270237
100000,BubbleSort,Parallel,8,PartiallySorted,1,22311.3504,0.27339057433296376,0.03417382179162047
100000,InsertSort,Parallel,8,PartiallySorted,1,2.1299,116.11906662284613,14.514883327855767
100000,SelectionSort,Parallel,16,PartiallySorted,1,17.7747,92.93228015100114,5.808267509437571
100000,MergeSort,Parallel,16,PartiallySorted,1,2.2943,1.9487865579915444,0.12179915987447153
100000,BubbleSort,Parallel,16,PartiallySorted,1,22526.189,0.2707831715342529,0.016923948220890807
100000,InsertSort,Parallel,16,PartiallySorted,1,2.7705,89.26980689406244,5.579362930878903
100000,SelectionSort,Serial,1,PartiallySorted,2,1641.0113,0.0,0.0
100000,MergeSort,Serial,1,PartiallySorted,2,5.361,0.0,0.0
100000,BubbleSort,Serial,1,PartiallySorted,2,6084.5664,0.0,0.0
100000,InsertSort,Serial,1,PartiallySorted,2,265.0623,0.0,0.0
100000,SelectionSort,Parallel,2,PartiallySorted,2,448.2976,3.660540007352259,1.8302700036761295
100000,MergeSort,Parallel,2,PartiallySorted,2,3.2659,1.6415077007869194,0.8207538503934597
100000,BubbleSort,Parallel,2,PartiallySorted,2,20514.2706,0.2966016447106825,0.14830082235534126
100000,InsertSort,Parallel,2,PartiallySorted,2,2.766,95.82874186550976,47.91437093275488
100000,SelectionSort,Parallel,4,PartiallySorted,2,123.4322,13.29483959615076,3.32370989903769
100000,MergeSort,Parallel,4,PartiallySorted,2,2.9234,1.8338236300198398,0.45845590750495996
100000,BubbleSort,Parallel,4,PartiallySorted,2,20875.6352,0.2914673657451151,0.07286684143627878
100000,InsertSort,Parallel,4,PartiallySorted,2,2.0094,131.91116751269035,32.97779187817259
100000,SelectionSort,Parallel,8,PartiallySorted,2,51.2366,32.028106861111,4.003513357638875
100000,MergeSort,Parallel,8,PartiallySorted,2,2.6686,2.008918534062804,0.2511148167578505
100000,BubbleSort,Parallel,8,PartiallySorted,2,20640.1775,0.2947923485638628,0.03684904357048285
100000,InsertSort,Parallel,8,PartiallySorted,2,2.0854,127.10381701352259,15.887977126690323
100000,SelectionSort,Parallel,16,PartiallySorted,2,23.3273,70.34724550205124,4.396702843878202
100000,MergeSort,Parallel,16,PartiallySorted,2,2.5385,2.1118770927713215,0.1319923182982076
100000,BubbleSort,Parallel,16,PartiallySorted,2,22175.9448,0.2743768734489274,0.017148554590557964
100000,InsertSort,Parallel,16,PartiallySorted,2,2.5387,104.40867373064954,6.525542108165596
100000,SelectionSort,Serial,1,PartiallySorted,3,1610.1351,0.0,0.0
100000,MergeSort,Serial,1,PartiallySorted,3,4.0738,0.0,0.0
100000,BubbleSort,Serial,1,PartiallySorted,3,6083.198,0.0,0.0
100000,InsertSort,Serial,1,PartiallySorted,3,246.688,0.0,0.0
100000,SelectionSort,Parallel,2,PartiallySorted,3,428.5135,3.7574897873695927,1.8787448936847964
100000,MergeSort,Parallel,2,PartiallySorted,3,3.5869,1.1357439571775072,0.5678719785887536
100000,BubbleSort,Parallel,2,PartiallySorted,3,20619.3283,0.29502406244727186,0.14751203122363593
100000,InsertSort,Parallel,2,PartiallySorted,3,2.3917,103.1433708241,51.57168541205
100000,SelectionSort,Parallel,4,PartiallySorted,3,141.3307,11.392677599417535,2.8481693998543838
100000,MergeSort,Parallel,4,PartiallySorted,3,3.4176,1.192006086142322,0.2980015215355805
100000,BubbleSort,Parallel,4,PartiallySorted,3,20823.5816,0.2921302452600181,0.07303256131500452
100000,InsertSort,Parallel,4,PartiallySorted,3,2.0723,119.04067943830528,29.76016985957632
100000,SelectionSort,Parallel,8,PartiallySorted,3,53.3985,30.153189696339783,3.769148712042473
100000,MergeSort,Parallel,8,PartiallySorted,3,2.824,1.4425637393767707,0.18032046742209634
100000,BubbleSort,Parallel,8,PartiallySorted,3,21019.954,0.289401109060467,0.036175138632558376
100000,InsertSort,Parallel,8,PartiallySorted,3,2.279,108.24396665204037,13.530495831505046
100000,SelectionSort,Parallel,16,PartiallySorted,3,22.012,73.14806014900962,4.5717537593131015
100000,MergeSort,Parallel,16,PartiallySorted,3,2.3779,1.7131923125446824,0.10707451953404265
100000,BubbleSort,Parallel,16,PartiallySorted,3,22248.9794,0.2734146987434399,0.017088418671464992
100000,InsertSort,Parallel,16,PartiallySorted,3,2.6256,93.95490554539914,5.872181596587446
100000,SelectionSort,Serial,1,PartiallySorted,4,1633.9781,0.0,0.0
100000,MergeSort,Serial,1,PartiallySorted,4,4.5057,0.0,0.0
100000,BubbleSort,Serial,1,PartiallySorted,4,6161.8134,0.0,0.0
100000,InsertSort,Serial,1,PartiallySorted,4,248.2031,0.0,0.0
100000,SelectionSort,Parallel,2,PartiallySorted,4,434.3388,3.761989718625184,1.880994859312592
100000,MergeSort,Parallel,2,PartiallySorted,4,3.475,1.2966043165467627,0.6483021582733813
100000,BubbleSort,Parallel,2,PartiallySorted,4,21018.5638,0.29316053459370994,0.14658026729685497
100000,InsertSort,Parallel,2,PartiallySorted,4,3.1948,77.6897145361212,38.8448572680606
100000,SelectionSort,Parallel,4,PartiallySorted,4,132.9098,12.293887282954305,3.0734718207385763
100000,MergeSort,Parallel,4,PartiallySorted,4,3.5905,1.254894861439911,0.31372371535997773
100000,BubbleSort,Parallel,4,PartiallySorted,4,20969.3115,0.29384910420163296,0.07346227605040824
100000,InsertSort,Parallel,4,PartiallySorted,4,2.0541,120.83301689304318,30.208254223260795
100000,SelectionSort,Parallel,8,PartiallySorted,4,49.9088,32.739278443881645,4.092409805485206
100000,MergeSort,Parallel,8,PartiallySorted,4,2.7793,1.6211636023459144,0.2026454502932393
100000,BubbleSort,Parallel,8,PartiallySorted,4,22320.3247,0.2760628925796944,0.0345078615724618
100000,InsertSort,Parallel,8,PartiallySorted,4,2.067,120.07890662796322,15.009863328495403
100000,SelectionSort,Parallel,16,PartiallySorted,4,19.7177,82.86859522155221,5.179287201347013
100000,MergeSort,Parallel,16,PartiallySorted,4,2.6832,1.6792262969588552,0.10495164355992845
100000,BubbleSort,Parallel,16,PartiallySorted,4,23193.6366,0.26566827385749414,0.016604267116093384
100000,InsertSort,Parallel,16,PartiallySorted,4,2.2698,109.35020706670191,6.8343879416688695
100000,SelectionSort,Serial,1,PartiallySorted,5,1796.4351,0.0,0.0
100000,MergeSort,Serial,1,PartiallySorted,5,4.0175,0.0,0.0
100000,BubbleSort,Serial,1,PartiallySorted,5,6304.1313,0.0,0.0
100000,InsertSort,Serial,1,PartiallySorted,5,275.1923,0.0,0.0
100000,SelectionSort,Parallel,2,PartiallySorted,5,518.3085,3.4659572436107067,1.7329786218053533
100000,MergeSort,Parallel,2,PartiallySorted,5,3.4473,1.1654048095611058,0.5827024047805529
100000,BubbleSort,Parallel,2,PartiallySorted,5,21002.1052,0.30016663758069356,0.15008331879034678
100000,InsertSort,Parallel,2,PartiallySorted,5,2.6462,103.99527624518177,51.997638122590885
100000,SelectionSort,Parallel,4,PartiallySorted,5,126.2374,14.23060915386407,3.5576522884660173
100000,MergeSort,Parallel,4,PartiallySorted,5,3.1655,1.2691517927657558,0.31728794819143896
100000,BubbleSort,Parallel,4,PartiallySorted,5,20920.5281,0.30133710152374216,0.07533427538093554
100000,InsertSort,Parallel,4,PartiallySorted,5,2.605,105.64003838771593,26.410009596928983
100000,SelectionSort,Parallel,8,PartiallySorted,5,51.4983,34.88338644188254,4.360423305235318
100000,MergeSort,Parallel,8,PartiallySorted,5,2.5179,1.5955756781444854,0.19944695976806068
100000,BubbleSort,Parallel,8,PartiallySorted,5,22297.3219,0.28273042512787155,0.035341303140983944
100000,InsertSort,Parallel,8,PartiallySorted,5,2.4516,112.25008157937673,14.03126019742209
100000,SelectionSort,Parallel,16,PartiallySorted,5,24.2227,74.16328898099717,4.635205561312323
100000,MergeSort,Parallel,16,PartiallySorted,5,3.1732,1.2660721038699105,0.07912950649186941
100000,BubbleSort,Parallel,16,PartiallySorted,5,22331.9711,0.2822917543539182,0.017643234647119886
100000,InsertSort,Parallel,16,PartiallySorted,5,2.8385,96.94990311784393,6.059368944865246
